
-- 1.1 TipoContacto
INSERT INTO TIPOCONTACT (IDTIPOCONTA, DESCTIPOCONTA) VALUES ('CEL', 'Teléfono Celular');
INSERT INTO TIPOCONTACT (IDTIPOCONTA, DESCTIPOCONTA) VALUES ('EMA', 'Correo Electrónico');
INSERT INTO TIPOCONTACT (IDTIPOCONTA, DESCTIPOCONTA) VALUES ('DIR', 'Dirección Residencia');

-- 1.2 TipoDocumento
INSERT INTO TIPODOCUMENTO (IDTIPODOC, DESCTIPODOC) VALUES ('CC', 'Cédula de Ciudadanía');
INSERT INTO TIPODOCUMENTO (IDTIPODOC, DESCTIPODOC) VALUES ('CE', 'Cédula de Extranjería');
INSERT INTO TIPODOCUMENTO (IDTIPODOC, DESCTIPODOC) VALUES ('PA', 'Pasaporte');

-- 1.3 TipoLugar
INSERT INTO TIPOLUGAR (IDTIPOLUGAR, DESCTIPOLUGAR) VALUES ('JUZG', 'Juzgado');
INSERT INTO TIPOLUGAR (IDTIPOLUGAR, DESCTIPOLUGAR) VALUES ('TRIB', 'Tribunal');
INSERT INTO TIPOLUGAR (IDTIPOLUGAR, DESCTIPOLUGAR) VALUES ('CIUD', 'Ciudad');

-- 1.4 FormaPago
INSERT INTO FORMAPAGO (IDFORMAPAGO, DESCFORMAPAGO) VALUES ('EFE', 'Efectivo');
INSERT INTO FORMAPAGO (IDFORMAPAGO, DESCFORMAPAGO) VALUES ('TAR', 'Tarjeta de Crédito');
INSERT INTO FORMAPAGO (IDFORMAPAGO, DESCFORMAPAGO) VALUES ('TRA', 'Transferencia Bancaria');

-- 1.5 Franquicia
INSERT INTO FRANQUICIA (CODFRANQUICIA, NOMFRANQUICIA) VALUES ('VIS', 'Visa');
INSERT INTO FRANQUICIA (CODFRANQUICIA, NOMFRANQUICIA) VALUES ('MAS', 'Mastercard');
INSERT INTO FRANQUICIA (CODFRANQUICIA, NOMFRANQUICIA) VALUES ('AME', 'American Express');

-- ====================================================================
-- 2.2 INSERTAR ESPECIALIZACIONES, ETAPAS PROCESALES E IMPUGNACIONES
-- ====================================================================

-- Especializaciones
INSERT INTO ESPECIALIZACION (CODESPECIALIZACION, NOMESPECIALIZACION) VALUES ('PEN', 'Penal');
INSERT INTO ESPECIALIZACION (CODESPECIALIZACION, NOMESPECIALIZACION) VALUES ('CIV', 'Civil');
INSERT INTO ESPECIALIZACION (CODESPECIALIZACION, NOMESPECIALIZACION) VALUES ('LAB', 'Laboral');

-- Etapas Procesales (Sistema Penal Acusatorio)
INSERT INTO ETAPAPROCESAL (CODETAPA, NOMETAPA) VALUES ('IND', 'Indagación');
INSERT INTO ETAPAPROCESAL (CODETAPA, NOMETAPA) VALUES ('IMP', 'Imputación de Cargos');
INSERT INTO ETAPAPROCESAL (CODETAPA, NOMETAPA) VALUES ('ACU', 'Acusación');
INSERT INTO ETAPAPROCESAL (CODETAPA, NOMETAPA) VALUES ('JUI', 'Juicio');
INSERT INTO ETAPAPROCESAL (CODETAPA, NOMETAPA) VALUES ('SEN', 'Sentencia');

-- Impugnaciones
INSERT INTO IMPUGNACION (IDIMPUGNA, NOMIMPUGNA) VALUES ('AP', 'Apelación');
INSERT INTO IMPUGNACION (IDIMPUGNA, NOMIMPUGNA) VALUES ('CA', 'Casación');
INSERT INTO IMPUGNACION (IDIMPUGNA, NOMIMPUGNA) VALUES ('TU', 'Tutela');

-- Instancias
INSERT INTO INSTANCIA (NINSTANCIA) VALUES (1);
INSERT INTO INSTANCIA (NINSTANCIA) VALUES (2);
INSERT INTO INSTANCIA (NINSTANCIA) VALUES (3);

-- ====================================================================
-- 2.3 ESPECIA_ETAPA: ESPECIALIZACIONES CON ETAPAS, IMPUGNACIONES E INSTANCIAS
-- ====================================================================

-- Especialización PENAL - Etapas del proceso penal
INSERT INTO ESPECIA_ETAPA (CODESPECIALIZACION, PASOETAPA, NINSTANCIA, CODETAPA, IDIMPUGNA) 
VALUES ('PEN', 1, 1, 'IND', NULL);

INSERT INTO ESPECIA_ETAPA (CODESPECIALIZACION, PASOETAPA, NINSTANCIA, CODETAPA, IDIMPUGNA) 
VALUES ('PEN', 2, 1, 'IMP', NULL);

INSERT INTO ESPECIA_ETAPA (CODESPECIALIZACION, PASOETAPA, NINSTANCIA, CODETAPA, IDIMPUGNA) 
VALUES ('PEN', 3, 1, 'ACU', NULL);

INSERT INTO ESPECIA_ETAPA (CODESPECIALIZACION, PASOETAPA, NINSTANCIA, CODETAPA, IDIMPUGNA) 
VALUES ('PEN', 4, 1, 'JUI', NULL);

INSERT INTO ESPECIA_ETAPA (CODESPECIALIZACION, PASOETAPA, NINSTANCIA, CODETAPA, IDIMPUGNA) 
VALUES ('PEN', 5, 1, 'SEN', NULL);

-- Primera Instancia - Sentencia con posibilidad de Apelación
INSERT INTO ESPECIA_ETAPA (CODESPECIALIZACION, PASOETAPA, NINSTANCIA, CODETAPA, IDIMPUGNA) 
VALUES ('PEN', 6, 2, 'SEN', 'AP');

-- Segunda Instancia - Sentencia con posibilidad de Casación
INSERT INTO ESPECIA_ETAPA (CODESPECIALIZACION, PASOETAPA, NINSTANCIA, CODETAPA, IDIMPUGNA) 
VALUES ('PEN', 7, 3, 'SEN', 'CA');

-- Revisión Constitucional - Tutela
INSERT INTO ESPECIA_ETAPA (CODESPECIALIZACION, PASOETAPA, NINSTANCIA, CODETAPA, IDIMPUGNA) 
VALUES ('PEN', 8, 3, 'SEN', 'TU');

-- Especialización CIVIL - Etapas básicas
INSERT INTO ESPECIA_ETAPA (CODESPECIALIZACION, PASOETAPA, NINSTANCIA, CODETAPA, IDIMPUGNA) 
VALUES ('CIV', 1, 1, 'IND', NULL);

INSERT INTO ESPECIA_ETAPA (CODESPECIALIZACION, PASOETAPA, NINSTANCIA, CODETAPA, IDIMPUGNA) 
VALUES ('CIV', 2, 1, 'ACU', NULL);

INSERT INTO ESPECIA_ETAPA (CODESPECIALIZACION, PASOETAPA, NINSTANCIA, CODETAPA, IDIMPUGNA) 
VALUES ('CIV', 3, 1, 'JUI', NULL);

INSERT INTO ESPECIA_ETAPA (CODESPECIALIZACION, PASOETAPA, NINSTANCIA, CODETAPA, IDIMPUGNA) 
VALUES ('CIV', 4, 2, 'SEN', 'AP');

-- Especialización LABORAL - Etapas básicas
INSERT INTO ESPECIA_ETAPA (CODESPECIALIZACION, PASOETAPA, NINSTANCIA, CODETAPA, IDIMPUGNA) 
VALUES ('LAB', 1, 1, 'IND', NULL);

INSERT INTO ESPECIA_ETAPA (CODESPECIALIZACION, PASOETAPA, NINSTANCIA, CODETAPA, IDIMPUGNA) 
VALUES ('LAB', 2, 1, 'ACU', NULL);

INSERT INTO ESPECIA_ETAPA (CODESPECIALIZACION, PASOETAPA, NINSTANCIA, CODETAPA, IDIMPUGNA) 
VALUES ('LAB', 3, 1, 'JUI', NULL);

INSERT INTO ESPECIA_ETAPA (CODESPECIALIZACION, PASOETAPA, NINSTANCIA, CODETAPA, IDIMPUGNA) 
VALUES ('LAB', 4, 2, 'SEN', 'AP');

-- ====================================================================
-- 2.4 INSERTAR 5 CLIENTES Y 5 ABOGADOS
-- ====================================================================

-- Clientes
INSERT INTO CLIENTE (CODCLIENTE, IDTIPODOC, NOMCLIENTE, APELLCLIENTE, NDOCUMENTO) 
VALUES ('CLI01', 'CC', 'Juan', 'Pérez González', '1234567890');

INSERT INTO CLIENTE (CODCLIENTE, IDTIPODOC, NOMCLIENTE, APELLCLIENTE, NDOCUMENTO) 
VALUES ('CLI02', 'CC', 'María', 'Rodríguez López', '9876543210');

INSERT INTO CLIENTE (CODCLIENTE, IDTIPODOC, NOMCLIENTE, APELLCLIENTE, NDOCUMENTO) 
VALUES ('CLI03', 'CE', 'Carlos', 'Martínez Sánchez', '5555555555');

INSERT INTO CLIENTE (CODCLIENTE, IDTIPODOC, NOMCLIENTE, APELLCLIENTE, NDOCUMENTO) 
VALUES ('CLI04', 'CC', 'Ana', 'García Fernández', '1111111111');

INSERT INTO CLIENTE (CODCLIENTE, IDTIPODOC, NOMCLIENTE, APELLCLIENTE, NDOCUMENTO) 
VALUES ('CLI05', 'PA', 'Luis', 'Hernández Díaz', 'PA123456');

-- Contactos de Juan Pérez
INSERT INTO CONTACTO (CODCLIENTE, CONSECONTACTO, IDTIPOCONTA, VALORCONTACTO, NOTIFICACION) 
VALUES ('CLI01', 1, 'CEL', '3001234567', 1);

INSERT INTO CONTACTO (CODCLIENTE, CONSECONTACTO, IDTIPOCONTA, VALORCONTACTO, NOTIFICACION) 
VALUES ('CLI01', 2, 'EMA', 'juan.perez@email.com', 1);

INSERT INTO CONTACTO (CODCLIENTE, CONSECONTACTO, IDTIPOCONTA, VALORCONTACTO, NOTIFICACION) 
VALUES ('CLI01', 3, 'DIR', 'Calle 50 # 20-30, Bogotá', 0);

-- Abogados
INSERT INTO ABOGADO (CEDULA, NOMBRE, APELLIDO, NTARJETAPROFESIONAL) 
VALUES ('1001001001', 'Roberto', 'Gómez Pinilla', '12345');

INSERT INTO ABOGADO (CEDULA, NOMBRE, APELLIDO, NTARJETAPROFESIONAL) 
VALUES ('2002002002', 'Laura', 'Jiménez Castro', '23456');

INSERT INTO ABOGADO (CEDULA, NOMBRE, APELLIDO, NTARJETAPROFESIONAL) 
VALUES ('3003003003', 'Diego', 'Ramírez Ortiz', '34567');

INSERT INTO ABOGADO (CEDULA, NOMBRE, APELLIDO, NTARJETAPROFESIONAL) 
VALUES ('4004004004', 'Sandra', 'López Vargas', '45678');

INSERT INTO ABOGADO (CEDULA, NOMBRE, APELLIDO, NTARJETAPROFESIONAL) 
VALUES ('5005005005', 'Miguel', 'Torres Mendoza', '56789');

-- Especializaciones de los Abogados
-- Roberto Gómez - Penalista (defensor de Juan Pérez)
INSERT INTO ESP___ABOGADO (CEDULA, CODESPECIALIZACION) VALUES ('1001001001', 'PEN');

-- Laura Jiménez - Civil
INSERT INTO ESP___ABOGADO (CEDULA, CODESPECIALIZACION) VALUES ('2002002002', 'CIV');

-- Diego Ramírez - Laboral
INSERT INTO ESP___ABOGADO (CEDULA, CODESPECIALIZACION) VALUES ('3003003003', 'LAB');

-- Sandra López - Penal y Civil
INSERT INTO ESP___ABOGADO (CEDULA, CODESPECIALIZACION) VALUES ('4004004004', 'PEN');
INSERT INTO ESP___ABOGADO (CEDULA, CODESPECIALIZACION) VALUES ('4004004004', 'CIV');

-- Miguel Torres - Penal
INSERT INTO ESP___ABOGADO (CEDULA, CODESPECIALIZACION) VALUES ('5005005005', 'PEN');

-- ====================================================================
-- 2.5 INCLUIR 3 JUZGADOS Y 3 TRIBUNALES CON JERARQUÍA DE CIUDAD
-- ====================================================================

-- Ciudad de Bogotá (nivel superior)
INSERT INTO LUGAR (CODLUGAR, IDTIPOLUGAR, LUG_CODLUGAR, NOMLUGAR, DIRELUGAR, TELLUGAR, EMAILLUGAR) 
VALUES ('LUG01', 'CIUD', NULL, 'Bogotá D.C.', 'Capital de Colombia', '6013111111', 'info@bogota.gov.co');

-- Juzgados (nivel inferior - dependen de Bogotá)
INSERT INTO LUGAR (CODLUGAR, IDTIPOLUGAR, LUG_CODLUGAR, NOMLUGAR, DIRELUGAR, TELLUGAR, EMAILLUGAR) 
VALUES ('JUZ01', 'JUZG', 'LUG01', 'Juzgado Penal del Circuito', 'Calle 12 # 7-65, Bogotá', '6015551001', 'juzgadopenal1@cendoj.gov.co');

INSERT INTO LUGAR (CODLUGAR, IDTIPOLUGAR, LUG_CODLUGAR, NOMLUGAR, DIRELUGAR, TELLUGAR, EMAILLUGAR) 
VALUES ('JUZ02', 'JUZG', 'LUG01', 'Juzgado de Control Garantías', 'Carrera 10 # 15-40, Bogotá', '6015551002', 'juzgadogarantias@cendoj.gov.co');

INSERT INTO LUGAR (CODLUGAR, IDTIPOLUGAR, LUG_CODLUGAR, NOMLUGAR, DIRELUGAR, TELLUGAR, EMAILLUGAR) 
VALUES ('JUZ03', 'JUZG', 'LUG01', 'Juzgado de Conocimiento Penal', 'Avenida 19 # 24-52, Bogotá', '6015551003', 'juzgadoconocimiento@cendoj.gov.co');

-- Tribunales (nivel superior - dependen de Bogotá)
INSERT INTO LUGAR (CODLUGAR, IDTIPOLUGAR, LUG_CODLUGAR, NOMLUGAR, DIRELUGAR, TELLUGAR, EMAILLUGAR) 
VALUES ('TRI01', 'TRIB', 'LUG01', 'Tribunal Superior - Sala Penal', 'Calle 85 # 12-45, Bogotá', '6015552001', 'tribunalsuperior@cendoj.gov.co');

INSERT INTO LUGAR (CODLUGAR, IDTIPOLUGAR, LUG_CODLUGAR, NOMLUGAR, DIRELUGAR, TELLUGAR, EMAILLUGAR) 
VALUES ('TRI02', 'TRIB', 'LUG01', 'Corte Suprema de Justicia', 'Calle 12 # 7-65 Piso 4, Bogotá', '6015552002', 'cortesupremacasacion@cendoj.gov.co');

INSERT INTO LUGAR (CODLUGAR, IDTIPOLUGAR, LUG_CODLUGAR, NOMLUGAR, DIRELUGAR, TELLUGAR, EMAILLUGAR) 
VALUES ('TRI03', 'TRIB', 'LUG01', 'Corte Constitucional', 'Calle 12 # 7-65 Piso 3, Bogotá', '6015552003', 'corteconstitucional@cendoj.gov.co');

-- ====================================================================
-- 2.6 CASO HIPOTÉTICO - JUAN PÉREZ (HURTO AGRAVADO)
-- ====================================================================

-- Caso principal
INSERT INTO CASO (NOCASO, CODCLIENTE, CODESPECIALIZACION, FECHAINICIO, FECHAFIN, VALOR) 
VALUES (10001, 'CLI01', 'PEN', TO_DATE('15/01/2025', 'DD/MM/YYYY'), NULL, '15000000');

-- Pagos del caso (honorarios del abogado)
INSERT INTO PAGO (CONSECPAGO, IDFORMAPAGO, CODFRANQUICIA, NOCASO, FECHAPAGO, VALORPAGO, NTARJETA) 
VALUES (1, 'TAR', 'VIS', 10001, TO_DATE('15/01/2025', 'DD/MM/YYYY'), 5000000, 4111111111111111);

INSERT INTO PAGO (CONSECPAGO, IDFORMAPAGO, CODFRANQUICIA, NOCASO, FECHAPAGO, VALORPAGO, NTARJETA) 
VALUES (2, 'TRA', NULL, 10001, TO_DATE('20/02/2025', 'DD/MM/YYYY'), 5000000, NULL);

INSERT INTO PAGO (CONSECPAGO, IDFORMAPAGO, CODFRANQUICIA, NOCASO, FECHAPAGO, VALORPAGO, NTARJETA) 
VALUES (3, 'EFE', NULL, 10001, TO_DATE('15/03/2025', 'DD/MM/YYYY'), 5000000, NULL);

-- ====================================================================
-- EXPEDIENTES DEL CASO - SIGUIENDO LAS ETAPAS DEL PROCESO PENAL
-- ====================================================================

-- ETAPA 1: INDAGACIÓN (Fiscalía General de la Nación)
INSERT INTO EXPEDIENTE (CODESPECIALIZACION, PASOETAPA, NOCASO, CONSECEXPE, CODLUGAR, CEDULA, FECHAETAPA) 
VALUES ('PEN', 1, 10001, 1, 'LUG01', '1001001001', TO_DATE('16/01/2025', 'DD/MM/YYYY'));

INSERT INTO SUCESO (CODESPECIALIZACION, PASOETAPA, NOCASO, CONSECEXPE, CONSUCESO, DESCSUCESO) 
VALUES ('PEN', 1, 10001, 1, 1, 'Detención de Juan Pérez por hurto de celular en vía pública.');

INSERT INTO SUCESO (CODESPECIALIZACION, PASOETAPA, NOCASO, CONSECEXPE, CONSUCESO, DESCSUCESO) 
VALUES ('PEN', 1, 10001, 1, 2, 'Recopilación de pruebas: declaraciones, videos de cámaras de seguridad.');

INSERT INTO SUCESO (CODESPECIALIZACION, PASOETAPA, NOCASO, CONSECEXPE, CONSUCESO, DESCSUCESO) 
VALUES ('PEN', 1, 10001, 1, 3, 'Abogado defensor solicita práctica de pruebas favorables y verificación de derechos.');

INSERT INTO DOCUMENTO (CODESPECIALIZACION, PASOETAPA, NOCASO, CONSECEXPE, CONDOC, UBICADOC) 
VALUES ('PEN', 1, 10001, 1, 1, '\\docs\\caso10001\\indagacion\\declaracion_policia.pdf');

INSERT INTO DOCUMENTO (CODESPECIALIZACION, PASOETAPA, NOCASO, CONSECEXPE, CONDOC, UBICADOC) 
VALUES ('PEN', 1, 10001, 1, 2, '\\docs\\caso10001\\indagacion\\video_camaras.mp4');

INSERT INTO RESULTADO (CODESPECIALIZACION, PASOETAPA, NOCASO, CONSECEXPE, CONRESUL, CAS_NOCASO, DESCRESUL) 
VALUES ('PEN', 1, 10001, 1, 1, 10001, 'Apertura de investigación por delito de hurto agravado (Art. 240 C.P.)');

-- ETAPA 2: IMPUTACIÓN DE CARGOS (Juez de Control de Garantías)
INSERT INTO EXPEDIENTE (CODESPECIALIZACION, PASOETAPA, NOCASO, CONSECEXPE, CODLUGAR, CEDULA, FECHAETAPA) 
VALUES ('PEN', 2, 10001, 2, 'JUZ02', '1001001001', TO_DATE('25/01/2025', 'DD/MM/YYYY'));

INSERT INTO SUCESO (CODESPECIALIZACION, PASOETAPA, NOCASO, CONSECEXPE, CONSUCESO, DESCSUCESO) 
VALUES ('PEN', 2, 10001, 2, 1, 'Fiscal presenta imputación por hurto agravado ante Juez de Control de Garantías.');

INSERT INTO SUCESO (CODESPECIALIZACION, PASOETAPA, NOCASO, CONSECEXPE, CONSUCESO, DESCSUCESO) 
VALUES ('PEN', 2, 10001, 2, 2, 'Abogado se opone argumentando falta de pruebas contundentes.');

INSERT INTO SUCESO (CODESPECIALIZACION, PASOETAPA, NOCASO, CONSECEXPE, CONSUCESO, DESCSUCESO) 
VALUES ('PEN', 2, 10001, 2, 3, 'Juan Pérez es informado de los cargos y sus derechos.');

INSERT INTO DOCUMENTO (CODESPECIALIZACION, PASOETAPA, NOCASO, CONSECEXPE, CONDOC, UBICADOC) 
VALUES ('PEN', 2, 10001, 2, 1, '\\docs\\caso10001\\imputacion\\acta_audiencia.pdf');

INSERT INTO DOCUMENTO (CODESPECIALIZACION, PASOETAPA, NOCASO, CONSECEXPE, CONDOC, UBICADOC) 
VALUES ('PEN', 2, 10001, 2, 2, '\\docs\\caso10001\\imputacion\\escrito_defensa.pdf');

INSERT INTO RESULTADO (CODESPECIALIZACION, PASOETAPA, NOCASO, CONSECEXPE, CONRESUL, CAS_NOCASO, DESCRESUL) 
VALUES ('PEN', 2, 10001, 2, 1, 10001, 'Juan Pérez NO acepta los cargos. Se continúa con el proceso.');

-- ETAPA 3: ACUSACIÓN (Preparación para Juicio)
INSERT INTO EXPEDIENTE (CODESPECIALIZACION, PASOETAPA, NOCASO, CONSECEXPE, CODLUGAR, CEDULA, FECHAETAPA) 
VALUES ('PEN', 3, 10001, 3, 'JUZ03', '1001001001', TO_DATE('10/02/2025', 'DD/MM/YYYY'));

INSERT INTO SUCESO (CODESPECIALIZACION, PASOETAPA, NOCASO, CONSECEXPE, CONSUCESO, DESCSUCESO) 
VALUES ('PEN', 3, 10001, 3, 1, 'Fiscal presenta acusación formal ante Juez de Conocimiento.');

INSERT INTO SUCESO (CODESPECIALIZACION, PASOETAPA, NOCASO, CONSECEXPE, CONSUCESO, DESCSUCESO) 
VALUES ('PEN', 3, 10001, 3, 2, 'Abogado examina pruebas y solicita exclusión de evidencia obtenida ilegalmente.');

INSERT INTO SUCESO (CODESPECIALIZACION, PASOETAPA, NOCASO, CONSECEXPE, CONSUCESO, DESCSUCESO) 
VALUES ('PEN', 3, 10001, 3, 3, 'Presentación de listas de pruebas, testigos y documentos por ambas partes.');

INSERT INTO DOCUMENTO (CODESPECIALIZACION, PASOETAPA, NOCASO, CONSECEXPE, CONDOC, UBICADOC) 
VALUES ('PEN', 3, 10001, 3, 1, '\\docs\\caso10001\\acusacion\\escrito_acusacion.pdf');

INSERT INTO DOCUMENTO (CODESPECIALIZACION, PASOETAPA, NOCASO, CONSECEXPE, CONDOC, UBICADOC) 
VALUES ('PEN', 3, 10001, 3, 2, '\\docs\\caso10001\\acusacion\\lista_testigos_defensa.pdf');

INSERT INTO DOCUMENTO (CODESPECIALIZACION, PASOETAPA, NOCASO, CONSECEXPE, CONDOC, UBICADOC) 
VALUES ('PEN', 3, 10001, 3, 3, '\\docs\\caso10001\\acusacion\\solicitud_exclusion_pruebas.pdf');

INSERT INTO RESULTADO (CODESPECIALIZACION, PASOETAPA, NOCASO, CONSECEXPE, CONRESUL, CAS_NOCASO, DESCRESUL) 
VALUES ('PEN', 3, 10001, 3, 1, 10001, 'Juez define pruebas a practicar en juicio. Se programa fecha de audiencia.');

-- ETAPA 4: JUICIO (Juzgado Penal del Circuito)
INSERT INTO EXPEDIENTE (CODESPECIALIZACION, PASOETAPA, NOCASO, CONSECEXPE, CODLUGAR, CEDULA, FECHAETAPA) 
VALUES ('PEN', 4, 10001, 4, 'JUZ01', '1001001001', TO_DATE('05/03/2025', 'DD/MM/YYYY'));

INSERT INTO SUCESO (CODESPECIALIZACION, PASOETAPA, NOCASO, CONSECEXPE, CONSUCESO, DESCSUCESO) 
VALUES ('PEN', 4, 10001, 4, 1, 'Inicio de juicio oral. Práctica de pruebas y testimonios.');

INSERT INTO SUCESO (CODESPECIALIZACION, PASOETAPA, NOCASO, CONSECEXPE, CONSUCESO, DESCSUCESO) 
VALUES ('PEN', 4, 10001, 4, 2, 'Abogado interroga testigos y presenta argumentos de defensa.');

INSERT INTO SUCESO (CODESPECIALIZACION, PASOETAPA, NOCASO, CONSECEXPE, CONSUCESO, DESCSUCESO) 
VALUES ('PEN', 4, 10001, 4, 3, 'Fiscal presenta alegatos finales solicitando condena.');

INSERT INTO SUCESO (CODESPECIALIZACION, PASOETAPA, NOCASO, CONSECEXPE, CONSUCESO, DESCSUCESO) 
VALUES ('PEN', 4, 10001, 4, 4, 'Abogado defensor solicita absolución por duda razonable.');

INSERT INTO DOCUMENTO (CODESPECIALIZACION, PASOETAPA, NOCASO, CONSECEXPE, CONDOC, UBICADOC) 
VALUES ('PEN', 4, 10001, 4, 1, '\\docs\\caso10001\\juicio\\acta_audiencia_juicio.pdf');

INSERT INTO DOCUMENTO (CODESPECIALIZACION, PASOETAPA, NOCASO, CONSECEXPE, CONDOC, UBICADOC) 
VALUES ('PEN', 4, 10001, 4, 2, '\\docs\\caso10001\\juicio\\alegatos_fiscalia.pdf');

INSERT INTO DOCUMENTO (CODESPECIALIZACION, PASOETAPA, NOCASO, CONSECEXPE, CONDOC, UBICADOC) 
VALUES ('PEN', 4, 10001, 4, 3, '\\docs\\caso10001\\juicio\\alegatos_defensa.pdf');

INSERT INTO RESULTADO (CODESPECIALIZACION, PASOETAPA, NOCASO, CONSECEXPE, CONRESUL, CAS_NOCASO, DESCRESUL) 
VALUES ('PEN', 4, 10001, 4, 1, 10001, 'Juez evalúa pruebas y argumentos. Se programa sentencia.');

-- ETAPA 5: SENTENCIA PRIMERA INSTANCIA
INSERT INTO EXPEDIENTE (CODESPECIALIZACION, PASOETAPA, NOCASO, CONSECEXPE, CODLUGAR, CEDULA, FECHAETAPA) 
VALUES ('PEN', 5, 10001, 5, 'JUZ01', '1001001001', TO_DATE('20/03/2025', 'DD/MM/YYYY'));

INSERT INTO SUCESO (CODESPECIALIZACION, PASOETAPA, NOCASO, CONSECEXPE, CONSUCESO, DESCSUCESO) 
VALUES ('PEN', 5, 10001, 5, 1, 'Juez Penal del Circuito dicta sentencia absolutoria.');

INSERT INTO SUCESO (CODESPECIALIZACION, PASOETAPA, NOCASO, CONSECEXPE, CONSUCESO, DESCSUCESO) 
VALUES ('PEN', 5, 10001, 5, 2, 'No se demostró la culpabilidad de Juan Pérez más allá de toda duda razonable.');

INSERT INTO DOCUMENTO (CODESPECIALIZACION, PASOETAPA, NOCASO, CONSECEXPE, CONDOC, UBICADOC) 
VALUES ('PEN', 5, 10001, 5, 1, '\\docs\\caso10001\\sentencia\\sentencia_absolutoria.pdf');

INSERT INTO RESULTADO (CODESPECIALIZACION, PASOETAPA, NOCASO, CONSECEXPE, CONRESUL, CAS_NOCASO, DESCRESUL) 
VALUES ('PEN', 5, 10001, 5, 1, 10001, 'SENTENCIA ABSOLUTORIA - Juan Pérez es declarado inocente del delito de hurto agravado.');

-- ETAPA 6: APELACIÓN (Segunda Instancia - Tribunal Superior)
-- Nota: En este caso hipotético, la Fiscalía podría apelar la sentencia absolutoria
INSERT INTO EXPEDIENTE (CODESPECIALIZACION, PASOETAPA, NOCASO, CONSECEXPE, CODLUGAR, CEDULA, FECHAETAPA) 
VALUES ('PEN', 6, 10001, 6, 'TRI01', '1001001001', TO_DATE('05/04/2025', 'DD/MM/YYYY'));

INSERT INTO SUCESO (CODESPECIALIZACION, PASOETAPA, NOCASO, CONSECEXPE, CONSUCESO, DESCSUCESO) 
VALUES ('PEN', 6, 10001, 6, 1, 'Fiscalía presenta recurso de apelación contra sentencia absolutoria.');

INSERT INTO SUCESO (CODESPECIALIZACION, PASOETAPA, NOCASO, CONSECEXPE, CONSUCESO, DESCSUCESO) 
VALUES ('PEN', 6, 10001, 6, 2, 'Tribunal Superior - Sala Penal revisa el caso.');

INSERT INTO SUCESO (CODESPECIALIZACION, PASOETAPA, NOCASO, CONSECEXPE, CONSUCESO, DESCSUCESO) 
VALUES ('PEN', 6, 10001, 6, 3, 'Abogado defensor presenta argumentos para confirmar absolución.');

INSERT INTO DOCUMENTO (CODESPECIALIZACION, PASOETAPA, NOCASO, CONSECEXPE, CONDOC, UBICADOC) 
VALUES ('PEN', 6, 10001, 6, 1, '\\docs\\caso10001\\apelacion\\recurso_apelacion_fiscalia.pdf');

INSERT INTO DOCUMENTO (CODESPECIALIZACION, PASOETAPA, NOCASO, CONSECEXPE, CONDOC, UBICADOC) 
VALUES ('PEN', 6, 10001, 6, 2, '\\docs\\caso10001\\apelacion\\respuesta_defensa.pdf');

INSERT INTO RESULTADO (CODESPECIALIZACION, PASOETAPA, NOCASO, CONSECEXPE, CONRESUL, CAS_NOCASO, DESCRESUL) 
VALUES ('PEN', 6, 10001, 6, 1, 10001, 'Tribunal confirma sentencia absolutoria. No hay elementos para revocar el fallo.');

-- ETAPA 7: CASACIÓN (Tercera Instancia - Corte Suprema)
-- Nota: Solo si hubiera errores graves de derecho
INSERT INTO EXPEDIENTE (CODESPECIALIZACION, PASOETAPA, NOCASO, CONSECEXPE, CODLUGAR, CEDULA, FECHAETAPA) 
VALUES ('PEN', 7, 10001, 7, 'TRI02', '1001001001', TO_DATE('25/05/2025', 'DD/MM/YYYY'));

INSERT INTO SUCESO (CODESPECIALIZACION, PASOETAPA, NOCASO, CONSECEXPE, CONSUCESO, DESCSUCESO) 
VALUES ('PEN', 7, 10001, 7, 1, 'Fiscalía interpone recurso de casación alegando error de derecho.');

INSERT INTO SUCESO (CODESPECIALIZACION, PASOETAPA, NOCASO, CONSECEXPE, CONSUCESO, DESCSUCESO) 
VALUES ('PEN', 7, 10001, 7, 2, 'Corte Suprema - Sala de Casación Penal revisa el recurso.');

INSERT INTO DOCUMENTO (CODESPECIALIZACION, PASOETAPA, NOCASO, CONSECEXPE, CONDOC, UBICADOC) 
VALUES ('PEN', 7, 10001, 7, 1, '\\docs\\caso10001\\casacion\\recurso_casacion.pdf');

INSERT INTO RESULTADO (CODESPECIALIZACION, PASOETAPA, NOCASO, CONSECEXPE, CONRESUL, CAS_NOCASO, DESCRESUL) 
VALUES ('PEN', 7, 10001, 7, 1, 10001, 'Corte Suprema declara improcedente el recurso. Sentencia absolutoria queda en firme.');

-- ETAPA 8: REVISIÓN CONSTITUCIONAL (Tutela - Opcional)
-- Nota: Solo si hubiera vulneración de derechos fundamentales
INSERT INTO EXPEDIENTE (CODESPECIALIZACION, PASOETAPA, NOCASO, CONSECEXPE, CODLUGAR, CEDULA, FECHAETAPA) 
VALUES ('PEN', 8, 10001, 8, 'TRI03', '1001001001', TO_DATE('15/06/2025', 'DD/MM/YYYY'));

INSERT INTO SUCESO (CODESPECIALIZACION, PASOETAPA, NOCASO, CONSECEXPE, CONSUCESO, DESCSUCESO) 
VALUES ('PEN', 8, 10001, 8, 1, 'Fiscalía presenta acción de tutela por presunta vulneración al debido proceso.');

INSERT INTO SUCESO (CODESPECIALIZACION, PASOETAPA, NOCASO, CONSECEXPE, CONSUCESO, DESCSUCESO) 
VALUES ('PEN', 8, 10001, 8, 2, 'Corte Constitucional revisa la tutela.');

INSERT INTO DOCUMENTO (CODESPECIALIZACION, PASOETAPA, NOCASO, CONSECEXPE, CONDOC, UBICADOC) 
VALUES ('PEN', 8, 10001, 8, 1, '\\docs\\caso10001\\tutela\\accion_tutela.pdf');

INSERT INTO RESULTADO (CODESPECIALIZACION, PASOETAPA, NOCASO, CONSECEXPE, CONRESUL, CAS_NOCASO, DESCRESUL) 
VALUES ('PEN', 8, 10001, 8, 1, 10001, 'Corte Constitucional declara improcedente la tutela. No hay violación de derechos fundamentales.');

-- Actualizar fecha de finalización del caso
UPDATE CASO SET FECHAFIN = TO_DATE('15/06/2025', 'DD/MM/YYYY') WHERE NOCASO = 10001;

COMMIT;

/*==============================================================*/
/* FIN DE LAS CONSULTAS                                         */
/*==============================================================*/