--  Consultas proyecto 

--2.1 
--Insertar 3 registros en:

--TipoContacto 

INSERT INTO TIPOCONTACT (IDTIPOCONTA, DESCTIPOCONTA) 
VALUES ('CEL', 'TELEFONO CELULAR');

INSERT INTO TIPOCONTACT (IDTIPOCONTA, DESCTIPOCONTA) 
VALUES ('EMA', 'CORREO ELECTRONICO');

INSERT INTO TIPOCONTACT (IDTIPOCONTA, DESCTIPOCONTA) 
VALUES ('DIR', 'DIRECCION NOTIFICACION');

--TipoDocumento

INSERT INTO TIPODOCUMENTO (IDTIPODOC, DESCTIPODOC)
VALUES ('CC', 'CEDULA DE CIUDADANIA');

INSERT INTO TIPODOCUMENTO (IDTIPODOC, DESCTIPODOC)
VALUES ('TI', 'TARJETA DE IDENTIDAD');

INSERT INTO TIPODOCUMENTO (IDTIPODOC, DESCTIPODOC)
VALUES ('CE', 'CEDULA DE EXTRANJERIA');

--TipoLugar 

INSERT INTO TIPOLUGAR (IDTIPOLUGAR, DESCTIPOLUGAR) 
VALUES ('JUZG', 'JUZGADO');

INSERT INTO TIPOLUGAR (IDTIPOLUGAR, DESCTIPOLUGAR) 
VALUES ('CIUD', 'CIUDAD');

INSERT INTO TIPOLUGAR (IDTIPOLUGAR, DESCTIPOLUGAR) 
VALUES ('TRIB', 'TRIBUNAL');

--FormaPago

INSERT INTO FORMAPAGO (IDFORMAPAGO, DESCFORMAPAGO) 
VALUES ('EFE', 'EFECTIVO');

INSERT INTO FORMAPAGO (IDFORMAPAGO, DESCFORMAPAGO) 
VALUES ('TAR', 'TARJETA CRED O DEB');

INSERT INTO FORMAPAGO (IDFORMAPAGO, DESCFORMAPAGO) 
VALUES ('CHE', 'CHEQUE');

--Franquicia 
INSERT INTO FRANQUICIA (CODFRANQUICIA, NOMFRANQUICIA) 
VALUES ('VIS', 'VISA');
INSERT INTO FRANQUICIA (CODFRANQUICIA, NOMFRANQUICIA) 
VALUES ('MAS', 'MASTERCARD');
INSERT INTO FRANQUICIA (CODFRANQUICIA, NOMFRANQUICIA) 
VALUES ('AME', 'AMERICAN EXPRESS');

--2.2

--Especializaciones

INSERT INTO ESPECIALIZACION (CODESPECIALIZACION, NOMESPECIALIZACION) 
VALUES ('PEN', 'PENAL');

INSERT INTO ESPECIALIZACION (CODESPECIALIZACION, NOMESPECIALIZACION) 
VALUES ('CIV', 'CIVIL');

INSERT INTO ESPECIALIZACION (CODESPECIALIZACION, NOMESPECIALIZACION) 
VALUES ('LAB', 'LABORAL');

INSERT INTO ESPECIALIZACION (CODESPECIALIZACION, NOMESPECIALIZACION) 
VALUES ('ADM', 'ADMINISTRATIVO');

INSERT INTO ESPECIALIZACION (CODESPECIALIZACION, NOMESPECIALIZACION) 
VALUES ('TUT', 'TUTELA');

INSERT INTO ESPECIALIZACION (CODESPECIALIZACION, NOMESPECIALIZACION)
VALUES ('FAM', 'FAMILIA');

--Etapas Procesales

INSERT INTO ETAPAPROCESAL (CODETAPA, NOMETAPA) 
VALUES ('IND', 'INDAGACION');

INSERT INTO ETAPAPROCESAL(CODETAPA, NOMETAPA)
VALUES ('IPN','IMPUTACION');

INSERT INTO ETAPAPROCESAL (CODETAPA, NOMETAPA)
VALUES('ACU','ACUSACION');  

INSERT INTO ETAPAPROCESAL (CODETAPA, NOMETAPA)
VALUES('JUI','JUICIO');

INSERT INTO ETAPAPROCESAL (CODETAPA, NOMETAPA)
VALUES('SEN','SENTENCIA');

INSERT INTO ETAPAPROCESAL (CODETAPA, NOMETAPA)
VALUES('IMP','IMPUGNACION');

INSERT INTO ETAPAPROCESAL (CODETAPA, NOMETAPA)
VALUES ('DEM', 'DEMANDA');

INSERT INTO ETAPAPROCESAL (CODETAPA, NOMETAPA)
VALUES ('CON', 'CONTESTACION');

INSERT INTO ETAPAPROCESAL(CODETAPA, NOMETAPA)
VALUES ('AUD','AUDIENCIA');

INSERT INTO ETAPAPROCESAL (CODETAPA, NOMETAPA)
VALUES('PRU','PRUEBAS');

INSERT INTO ETAPAPROCESAL(CODETAPA, NOMETAPA)
VALUES ('PRE','PRESENTACION');

INSERT INTO ETAPAPROCESAL(CODETAPA, NOMETAPA)
VALUES ('TRA', 'TRÁMITE URGENTE');

INSERT INTO ETAPAPROCESAL(CODETAPA, NOMETAPA)
VALUES ('FAL', 'FALLO');

--Impugnaciones


INSERT INTO IMPUGNACION(IDIMPUGNA, NOMIMPUGNA)
VALUES ('RP', 'REPOSICIÓN');

INSERT INTO IMPUGNACION(IDIMPUGNA, NOMIMPUGNA)
VALUES ('AP', 'APELACIÓN');

INSERT INTO IMPUGNACION(IDIMPUGNA, NOMIMPUGNA)
VALUES ('CA', 'CASACIÓN');

INSERT INTO IMPUGNACION(IDIMPUGNA, NOMIMPUGNA)
VALUES ('RV', 'REVISION');

INSERT INTO IMPUGNACION(IDIMPUGNA, NOMIMPUGNA)
VALUES ('UJ', 'UNIFICACIÓN DE JURISPRUDENCIA');

INSERT INTO IMPUGNACION(IDIMPUGNA, NOMIMPUGNA)
VALUES ('IM', 'IMPUGNACION DE TUTELA');

INSERT INTO IMPUGNACION(IDIMPUGNA, NOMIMPUGNA)
VALUES ('RC', 'REVISIÓN CONSTITUCIONAL');

--2.3 
--Especia-etapa : Todos las Especializaciones 
--con todas las posibles etapas, impugnaciones e instancias

---- Instancias


INSERT INTO INSTANCIA(NINSTANCIA)
VALUES (1);

INSERT INTO INSTANCIA(NINSTANCIA)
VALUES (2);

INSERT INTO INSTANCIA (NINSTANCIA) 
VALUES (3);


---- Especia_etapa
-- ============================================
-- PENAL (PEN)
-- Etapas: Indagación → Imputación → Acusación → Juicio → Sentencia → Impugnación
-- Impugnaciones posibles: Reposición, apelación, casación, revisión
-- ============================================

-- Primera instancia
INSERT INTO ESPECIA_ETAPA (CODESPECIALIZACION, PASOETAPA, NINSTANCIA, CODETAPA, IDIMPUGNA)
VALUES ('PEN', 1, 1, 'IND', NULL);

INSERT INTO ESPECIA_ETAPA (CODESPECIALIZACION, PASOETAPA, NINSTANCIA, CODETAPA, IDIMPUGNA)
VALUES ('PEN', 2, 1, 'IPN', NULL);

INSERT INTO ESPECIA_ETAPA (CODESPECIALIZACION, PASOETAPA, NINSTANCIA, CODETAPA, IDIMPUGNA)
VALUES ('PEN', 3, 1, 'ACU', NULL);

INSERT INTO ESPECIA_ETAPA (CODESPECIALIZACION, PASOETAPA, NINSTANCIA, CODETAPA, IDIMPUGNA)
VALUES ('PEN', 4, 1, 'JUI', NULL);

INSERT INTO ESPECIA_ETAPA (CODESPECIALIZACION, PASOETAPA, NINSTANCIA, CODETAPA, IDIMPUGNA)
VALUES ('PEN', 5, 1, 'SEN', NULL);

-- Impugnaciones posibles (segunda instancia)
INSERT INTO ESPECIA_ETAPA (CODESPECIALIZACION, PASOETAPA, NINSTANCIA, CODETAPA, IDIMPUGNA)
VALUES ('PEN', 6, 2, 'IMP', 'RP');

INSERT INTO ESPECIA_ETAPA (CODESPECIALIZACION, PASOETAPA, NINSTANCIA, CODETAPA, IDIMPUGNA)
VALUES ('PEN', 7, 2, 'IMP', 'AP');

INSERT INTO ESPECIA_ETAPA (CODESPECIALIZACION, PASOETAPA, NINSTANCIA, CODETAPA, IDIMPUGNA)
VALUES ('PEN', 8, 3, 'IMP', 'CA');

INSERT INTO ESPECIA_ETAPA (CODESPECIALIZACION, PASOETAPA, NINSTANCIA, CODETAPA, IDIMPUGNA)
VALUES ('PEN', 9, 3, 'IMP', 'RV');

-- ============================================
-- CIVIL (CIV)
-- Etapas: Demanda → Contestación → Audiencia → Pruebas → Sentencia → Impugnación
-- Impugnaciones posibles: Reposición, apelación, casación, revisión
-- ============================================

-- Primera instancia
INSERT INTO ESPECIA_ETAPA (CODESPECIALIZACION, PASOETAPA, NINSTANCIA, CODETAPA, IDIMPUGNA)
VALUES ('CIV', 1, 1, 'DEM', NULL);

INSERT INTO ESPECIA_ETAPA (CODESPECIALIZACION, PASOETAPA, NINSTANCIA, CODETAPA, IDIMPUGNA)
VALUES ('CIV', 2, 1, 'CON', NULL);

INSERT INTO ESPECIA_ETAPA (CODESPECIALIZACION, PASOETAPA, NINSTANCIA, CODETAPA, IDIMPUGNA)
VALUES ('CIV', 3, 1, 'AUD', NULL);

INSERT INTO ESPECIA_ETAPA (CODESPECIALIZACION, PASOETAPA, NINSTANCIA, CODETAPA, IDIMPUGNA)
VALUES ('CIV', 4, 1, 'PRU', NULL);

INSERT INTO ESPECIA_ETAPA (CODESPECIALIZACION, PASOETAPA, NINSTANCIA, CODETAPA, IDIMPUGNA)
VALUES ('CIV', 5, 1, 'SEN', NULL);

-- Impugnaciones posibles
INSERT INTO ESPECIA_ETAPA (CODESPECIALIZACION, PASOETAPA, NINSTANCIA, CODETAPA, IDIMPUGNA)
VALUES ('CIV', 6, 2, 'IMP', 'RP');

INSERT INTO ESPECIA_ETAPA (CODESPECIALIZACION, PASOETAPA, NINSTANCIA, CODETAPA, IDIMPUGNA)
VALUES ('CIV', 7, 2, 'IMP', 'AP');

INSERT INTO ESPECIA_ETAPA (CODESPECIALIZACION, PASOETAPA, NINSTANCIA, CODETAPA, IDIMPUGNA)
VALUES ('CIV', 8, 3, 'IMP', 'CA');

INSERT INTO ESPECIA_ETAPA (CODESPECIALIZACION, PASOETAPA, NINSTANCIA, CODETAPA, IDIMPUGNA)
VALUES ('CIV', 9, 3, 'IMP', 'RV');

-- ============================================
-- LABORAL (LAB)
-- Etapas: Demanda → Audiencia → Pruebas → Sentencia → Impugnación
-- Impugnaciones posibles: Apelación, casación
-- ============================================

-- Primera instancia
INSERT INTO ESPECIA_ETAPA (CODESPECIALIZACION, PASOETAPA, NINSTANCIA, CODETAPA, IDIMPUGNA)
VALUES ('LAB', 1, 1, 'DEM', NULL);

INSERT INTO ESPECIA_ETAPA (CODESPECIALIZACION, PASOETAPA, NINSTANCIA, CODETAPA, IDIMPUGNA)
VALUES ('LAB', 2, 1, 'AUD', NULL);

INSERT INTO ESPECIA_ETAPA (CODESPECIALIZACION, PASOETAPA, NINSTANCIA, CODETAPA, IDIMPUGNA)
VALUES ('LAB', 3, 1, 'PRU', NULL);

INSERT INTO ESPECIA_ETAPA (CODESPECIALIZACION, PASOETAPA, NINSTANCIA, CODETAPA, IDIMPUGNA)
VALUES ('LAB', 4, 1, 'SEN', NULL);

-- Impugnaciones posibles
INSERT INTO ESPECIA_ETAPA (CODESPECIALIZACION, PASOETAPA, NINSTANCIA, CODETAPA, IDIMPUGNA)
VALUES ('LAB', 5, 2, 'IMP', 'AP');

INSERT INTO ESPECIA_ETAPA (CODESPECIALIZACION, PASOETAPA, NINSTANCIA, CODETAPA, IDIMPUGNA)
VALUES ('LAB', 6, 3, 'IMP', 'CA');

-- ============================================
-- ADMINISTRATIVO (ADM)
-- Etapas: Demanda → Contestación → Pruebas → Sentencia → Impugnación
-- Impugnaciones posibles: Apelación, revisión, unificación de jurisprudencia
-- ============================================

-- Primera instancia
INSERT INTO ESPECIA_ETAPA (CODESPECIALIZACION, PASOETAPA, NINSTANCIA, CODETAPA, IDIMPUGNA)
VALUES ('ADM', 1, 1, 'DEM', NULL);

INSERT INTO ESPECIA_ETAPA (CODESPECIALIZACION, PASOETAPA, NINSTANCIA, CODETAPA, IDIMPUGNA)
VALUES ('ADM', 2, 1, 'CON', NULL);

INSERT INTO ESPECIA_ETAPA (CODESPECIALIZACION, PASOETAPA, NINSTANCIA, CODETAPA, IDIMPUGNA)
VALUES ('ADM', 3, 1, 'PRU', NULL);

INSERT INTO ESPECIA_ETAPA (CODESPECIALIZACION, PASOETAPA, NINSTANCIA, CODETAPA, IDIMPUGNA)
VALUES ('ADM', 4, 1, 'SEN', NULL);

-- Impugnaciones posibles
INSERT INTO ESPECIA_ETAPA (CODESPECIALIZACION, PASOETAPA, NINSTANCIA, CODETAPA, IDIMPUGNA)
VALUES ('ADM', 5, 2, 'IMP', 'AP');

INSERT INTO ESPECIA_ETAPA (CODESPECIALIZACION, PASOETAPA, NINSTANCIA, CODETAPA, IDIMPUGNA)
VALUES ('ADM', 6, 2, 'IMP', 'RV');

INSERT INTO ESPECIA_ETAPA (CODESPECIALIZACION, PASOETAPA, NINSTANCIA, CODETAPA, IDIMPUGNA)
VALUES ('ADM', 7, 3, 'IMP', 'UJ');

-- ============================================
-- FAMILIA (FAM) - No está en tu tabla pero lo incluyo por completitud
-- Etapas: Demanda → Contestación → Audiencia → Pruebas → Sentencia → Impugnación
-- Impugnaciones posibles: Apelación, casación
-- ============================================

-- Primera instancia
INSERT INTO ESPECIA_ETAPA (CODESPECIALIZACION, PASOETAPA, NINSTANCIA, CODETAPA, IDIMPUGNA)
VALUES ('FAM', 1, 1, 'DEM', NULL);

INSERT INTO ESPECIA_ETAPA (CODESPECIALIZACION, PASOETAPA, NINSTANCIA, CODETAPA, IDIMPUGNA)
VALUES ('FAM', 2, 1, 'CON', NULL);

INSERT INTO ESPECIA_ETAPA (CODESPECIALIZACION, PASOETAPA, NINSTANCIA, CODETAPA, IDIMPUGNA)
VALUES ('FAM', 3, 1, 'AUD', NULL);

INSERT INTO ESPECIA_ETAPA (CODESPECIALIZACION, PASOETAPA, NINSTANCIA, CODETAPA, IDIMPUGNA)
VALUES ('FAM', 4, 1, 'PRU', NULL);

INSERT INTO ESPECIA_ETAPA (CODESPECIALIZACION, PASOETAPA, NINSTANCIA, CODETAPA, IDIMPUGNA)
VALUES ('FAM', 5, 1, 'SEN', NULL);

-- Impugnaciones posibles
INSERT INTO ESPECIA_ETAPA (CODESPECIALIZACION, PASOETAPA, NINSTANCIA, CODETAPA, IDIMPUGNA)
VALUES ('FAM', 6, 2, 'IMP', 'AP');

INSERT INTO ESPECIA_ETAPA (CODESPECIALIZACION, PASOETAPA, NINSTANCIA, CODETAPA, IDIMPUGNA)
VALUES ('FAM', 7, 3, 'IMP', 'CA');

-- ============================================
-- TUTELA (TUT)
-- Etapas: Presentación → Trámite urgente → Fallo → Impugnación
-- Impugnaciones posibles: Impugnación de tutela, revisión constitucional
-- ============================================

-- Primera instancia
INSERT INTO ESPECIA_ETAPA (CODESPECIALIZACION, PASOETAPA, NINSTANCIA, CODETAPA, IDIMPUGNA)
VALUES ('TUT', 1, 1, 'PRE', NULL);

INSERT INTO ESPECIA_ETAPA (CODESPECIALIZACION, PASOETAPA, NINSTANCIA, CODETAPA, IDIMPUGNA)
VALUES ('TUT', 2, 1, 'TRA', NULL);

INSERT INTO ESPECIA_ETAPA (CODESPECIALIZACION, PASOETAPA, NINSTANCIA, CODETAPA, IDIMPUGNA)
VALUES ('TUT', 3, 1, 'FAL', NULL);

-- Impugnaciones posibles
INSERT INTO ESPECIA_ETAPA (CODESPECIALIZACION, PASOETAPA, NINSTANCIA, CODETAPA, IDIMPUGNA)
VALUES ('TUT', 4, 2, 'IMP', 'IM');

INSERT INTO ESPECIA_ETAPA (CODESPECIALIZACION, PASOETAPA, NINSTANCIA, CODETAPA, IDIMPUGNA)
VALUES ('TUT', 5, 3, 'IMP', 'RC');

---2.4 Insertar 5 clientes y 5 abogados

-- Clientes
INSERT INTO CLIENTE (CODCLIENTE, IDTIPODOC, NOMCLIENTE, APELLCLIENTE, NDOCUMENTO) 
VALUES ('00001', 'CC', 'JULIAN', 'CELIS', '5104895');

INSERT INTO CLIENTE (CODCLIENTE, IDTIPODOC, NOMCLIENTE, APELLCLIENTE, NDOCUMENTO) 
VALUES ('00002', 'CC', 'CRISTIAN', 'LOPEZ', '1021544');

INSERT INTO CLIENTE (CODCLIENTE, IDTIPODOC, NOMCLIENTE, APELLCLIENTE, NDOCUMENTO) 
VALUES ('00003', 'CC', 'CARLOS', 'BARRIGA', '1057891');

INSERT INTO CLIENTE (CODCLIENTE, IDTIPODOC, NOMCLIENTE, APELLCLIENTE, NDOCUMENTO) 
VALUES ('00004', 'TI', 'SANTIAGO', 'PARDO', '1001325');

INSERT INTO CLIENTE (CODCLIENTE, IDTIPODOC, NOMCLIENTE, APELLCLIENTE, NDOCUMENTO) 
VALUES ('00005', 'TI', 'DAVID', 'GIRALDO', '2004789');

---- ABOGADO 
-- Abogados
INSERT INTO ABOGADO (CEDULA, NOMBRE, APELLIDO, NTARJETAPROFESIONAL) 
VALUES ('7894561', 'ANDRES', 'CELIS', '51048');

INSERT INTO ABOGADO (CEDULA, NOMBRE, APELLIDO, NTARJETAPROFESIONAL) 
VALUES ('1234567', 'JUAN', 'LOPEZ', '10215');

INSERT INTO ABOGADO (CEDULA, NOMBRE, APELLIDO, NTARJETAPROFESIONAL) 
VALUES ('3216547', 'CARLOS', 'GOMEZ', '10578');

INSERT INTO ABOGADO (CEDULA, NOMBRE, APELLIDO, NTARJETAPROFESIONAL) 
VALUES ('9876541', 'SANTIAGO', 'JIMENEZ', '10029');

INSERT INTO ABOGADO (CEDULA, NOMBRE, APELLIDO, NTARJETAPROFESIONAL) 
VALUES ('6549873', 'DAVID', 'LOPEZ', '20042');


--2.5 Incluir 3 juzgados y 3 tribunales con la jerarquía de la ciudad. Incluir 3 Instancias
-- y 5 abogados


--Ciudades
INSERT INTO LUGAR 
VALUES ('BOGOT','CIUD',NULL,'BOGOTA','CL 40 #7', '110221', 'BOGOTA@GMAIL.COM');
INSERT INTO LUGAR
VALUES ('CIUD2','CIUD',NULL,'MEDELLIN','CL 75 #24', '550221', 'MEDELLIN@GMAIL.COM');
--Juzgados 
INSERT INTO LUGAR 
VALUES ('JUZG1','JUZG','BOGOT','JUZGADO 1','CL 45 #20', '523572', 'JUZGADO1@GMAIL.COM');  

INSERT INTO LUGAR
VALUES ('JUZG2','JUZG','CIUD2','JUZGADO 2','KR 15 #30', '623763', 'JUZGADO2@GMAIL.COM');

INSERT INTO LUGAR
VALUES ('JUZG3','JUZG','BOGOT','JUZGADO 3','AV 68 #40', '5362678', 'JUZGADO3@GMAIL.COM');  

--Tribunales
INSERT INTO LUGAR
VALUES ('TRIB1','TRIB','BOGOT','TRIBUNAL 1','CL 10 #5', '52346785', 'TRIBUNAL1@GMAIL.COM');  
INSERT INTO LUGAR
VALUES ('TRIB2','TRIB','CIUD2','TRIBUNAL 2','KR 7 #8', '6234678', 'TRIBUNAL2@GMAIL.COM');  

INSERT INTO LUGAR
VALUES ('TRIB3','TRIB','BOGOT','TRIBUNAL 3','AV 3 #12', '5362789', 'TRIBUNAL3@GMAIL.COM');  

