--  Consultas proyecto 

--2.1 
--Insertar 3 registros en:

--TipoContacto 

INSERT INTO TIPOCONTACT (IDTIPOCONTA, DESCTIPOCONTA) 
VALUES ('CEL', 'TELEFONO CELULAR');

INSERT INTO TIPOCONTACT (IDTIPOCONTA, DESCTIPOCONTA) 
VALUES ('EMA', 'CORREO ELECTRONICO');

INSERT INTO TIPOCONTACT (IDTIPOCONTA, DESCTIPOCONTA) 
VALUES ('DIR', 'DIRECCION NOTIFICACION');

--TipoDocumento

INSERT INTO TIPODOCUMENTO (IDTIPODOC, DESCTIPODOC)
VALUES ('CC', 'CEDULA DE CIUDADANIA');

INSERT INTO TIPODOCUMENTO (IDTIPODOC, DESCTIPODOC)
VALUES ('TI', 'TARJETA DE IDENTIDAD');

INSERT INTO TIPODOCUMENTO (IDTIPODOC, DESCTIPODOC)
VALUES ('CE', 'CEDULA DE EXTRANJERIA');

--TipoLugar 

INSERT INTO TIPOLUGAR (IDTIPOLUGAR, DESCTIPOLUGAR) 
VALUES ('JUZG', 'JUZGADO');

INSERT INTO TIPOLUGAR (IDTIPOLUGAR, DESCTIPOLUGAR) 
VALUES ('CIUD', 'CIUDAD');

INSERT INTO TIPOLUGAR (IDTIPOLUGAR, DESCTIPOLUGAR) 
VALUES ('TRIB', 'TRIBUNAL');

--FormaPago

INSERT INTO FORMAPAGO (IDFORMAPAGO, DESCFORMAPAGO) 
VALUES ('EFE', 'EFECTIVO');

INSERT INTO FORMAPAGO (IDFORMAPAGO, DESCFORMAPAGO) 
VALUES ('TAR', 'TARJETA CRED O DEB');

INSERT INTO FORMAPAGO (IDFORMAPAGO, DESCFORMAPAGO) 
VALUES ('CHE', 'CHEQUE');

--Franquicia 
INSERT INTO FRANQUICIA (CODFRANQUICIA, NOMFRANQUICIA) 
VALUES ('VIS', 'VISA');
INSERT INTO FRANQUICIA (CODFRANQUICIA, NOMFRANQUICIA) 
VALUES ('MAS', 'MASTERCARD');
INSERT INTO FRANQUICIA (CODFRANQUICIA, NOMFRANQUICIA) 
VALUES ('AME', 'AMERICAN EXPRESS');

--2.2

--Especializaciones

INSERT INTO ESPECIALIZACION (CODESPECIALIZACION, NOMESPECIALIZACION) 
VALUES ('PEN', 'PENAL');

INSERT INTO ESPECIALIZACION (CODESPECIALIZACION, NOMESPECIALIZACION) 
VALUES ('CIV', 'CIVIL');

INSERT INTO ESPECIALIZACION (CODESPECIALIZACION, NOMESPECIALIZACION) 
VALUES ('LAB', 'LABORAL');

INSERT INTO ESPECIALIZACION (CODESPECIALIZACION, NOMESPECIALIZACION) 
VALUES ('ADM', 'ADMINISTRATIVO');

INSERT INTO ESPECIALIZACION (CODESPECIALIZACION, NOMESPECIALIZACION) 
VALUES ('TUT', 'TUTELA');

INSERT INTO ESPECIALIZACION (CODESPECIALIZACION, NOMESPECIALIZACION)
VALUES ('FAM', 'FAMILIA');

--Etapas Procesales

INSERT INTO ETAPAPROCESAL (CODETAPA, NOMETAPA) 
VALUES ('IND', 'INDAGACION');

INSERT INTO ETAPAPROCESAL(CODETAPA, NOMETAPA)
VALUES ('IPN','IMPUTACION');

INSERT INTO ETAPAPROCESAL (CODETAPA, NOMETAPA)
VALUES('ACU','ACUSACION');  

INSERT INTO ETAPAPROCESAL (CODETAPA, NOMETAPA)
VALUES('JUI','JUICIO');

INSERT INTO ETAPAPROCESAL (CODETAPA, NOMETAPA)
VALUES('SEN','SENTENCIA');

INSERT INTO ETAPAPROCESAL (CODETAPA, NOMETAPA)
VALUES('IMP','IMPUGNACION');

INSERT INTO ETAPAPROCESAL (CODETAPA, NOMETAPA)
VALUES ('DEM', 'DEMANDA');

INSERT INTO ETAPAPROCESAL (CODETAPA, NOMETAPA)
VALUES ('CON', 'CONTESTACION');

INSERT INTO ETAPAPROCESAL(CODETAPA, NOMETAPA)
VALUES ('AUD','AUDIENCIA');

INSERT INTO ETAPAPROCESAL (CODETAPA, NOMETAPA)
VALUES('PRU','PRUEBAS');

INSERT INTO ETAPAPROCESAL(CODETAPA, NOMETAPA)
VALUES ('PRE','PRESENTACION');

INSERT INTO ETAPAPROCESAL(CODETAPA, NOMETAPA)
VALUES ('TRA', 'TRAMITE URGENTE');

INSERT INTO ETAPAPROCESAL(CODETAPA, NOMETAPA)
VALUES ('FAL', 'FALLO');

--Impugnaciones


INSERT INTO IMPUGNACION(IDIMPUGNA, NOMIMPUGNA)
VALUES ('RP', 'REPOSICION');

INSERT INTO IMPUGNACION(IDIMPUGNA, NOMIMPUGNA)
VALUES ('AP', 'APELACION');

INSERT INTO IMPUGNACION(IDIMPUGNA, NOMIMPUGNA)
VALUES ('CA', 'CASACION');

INSERT INTO IMPUGNACION(IDIMPUGNA, NOMIMPUGNA)
VALUES ('RV', 'REVISION');

INSERT INTO IMPUGNACION(IDIMPUGNA, NOMIMPUGNA)
VALUES ('UJ', 'UNIFICACION DE JURISPRUDENCIA');

INSERT INTO IMPUGNACION(IDIMPUGNA, NOMIMPUGNA)
VALUES ('IM', 'IMPUGNACION DE TUTELA');

INSERT INTO IMPUGNACION(IDIMPUGNA, NOMIMPUGNA)
VALUES ('RC', 'REVISION CONSTITUCIONAL');

--2.3 
--Especia-etapa : Todos las Especializaciones 
--con todas las posibles etapas, impugnaciones e instancias

---- Instancias


INSERT INTO INSTANCIA(NINSTANCIA)
VALUES (1);

INSERT INTO INSTANCIA(NINSTANCIA)
VALUES (2);

INSERT INTO INSTANCIA (NINSTANCIA) 
VALUES (3);


---- Especia_etapa
-- ============================================
-- PENAL (PEN)
-- Etapas: Indagacion -> Imputacion -> Acusacion -> Juicio -> Sentencia -> Impugnacion
-- Impugnaciones posibles: Reposicion, apelacion, casacion, revision
-- ============================================

-- Primera instancia
INSERT INTO ESPECIA_ETAPA (CODESPECIALIZACION, PASOETAPA, NINSTANCIA, CODETAPA, IDIMPUGNA)
VALUES ('PEN', 1, 1, 'IND', NULL);

INSERT INTO ESPECIA_ETAPA (CODESPECIALIZACION, PASOETAPA, NINSTANCIA, CODETAPA, IDIMPUGNA)
VALUES ('PEN', 2, 1, 'IPN', NULL);

INSERT INTO ESPECIA_ETAPA (CODESPECIALIZACION, PASOETAPA, NINSTANCIA, CODETAPA, IDIMPUGNA)
VALUES ('PEN', 3, 1, 'ACU', NULL);

INSERT INTO ESPECIA_ETAPA (CODESPECIALIZACION, PASOETAPA, NINSTANCIA, CODETAPA, IDIMPUGNA)
VALUES ('PEN', 4, 1, 'JUI', NULL);

INSERT INTO ESPECIA_ETAPA (CODESPECIALIZACION, PASOETAPA, NINSTANCIA, CODETAPA, IDIMPUGNA)
VALUES ('PEN', 5, 1, 'SEN', NULL);

-- Impugnaciones posibles (segunda instancia)
INSERT INTO ESPECIA_ETAPA (CODESPECIALIZACION, PASOETAPA, NINSTANCIA, CODETAPA, IDIMPUGNA)
VALUES ('PEN', 6, 2, 'IMP', 'RP');

INSERT INTO ESPECIA_ETAPA (CODESPECIALIZACION, PASOETAPA, NINSTANCIA, CODETAPA, IDIMPUGNA)
VALUES ('PEN', 7, 2, 'IMP', 'AP');

INSERT INTO ESPECIA_ETAPA (CODESPECIALIZACION, PASOETAPA, NINSTANCIA, CODETAPA, IDIMPUGNA)
VALUES ('PEN', 8, 3, 'IMP', 'CA');

INSERT INTO ESPECIA_ETAPA (CODESPECIALIZACION, PASOETAPA, NINSTANCIA, CODETAPA, IDIMPUGNA)
VALUES ('PEN', 9, 3, 'IMP', 'RV');

-- ============================================
-- CIVIL (CIV)
-- Etapas: Demanda -> Contestacion -> Audiencia -> Pruebas -> Sentencia -> Impugnacion
-- Impugnaciones posibles: Reposicion, apelacion, casacion, revision
-- ============================================

-- Primera instancia
INSERT INTO ESPECIA_ETAPA (CODESPECIALIZACION, PASOETAPA, NINSTANCIA, CODETAPA, IDIMPUGNA)
VALUES ('CIV', 1, 1, 'DEM', NULL);

INSERT INTO ESPECIA_ETAPA (CODESPECIALIZACION, PASOETAPA, NINSTANCIA, CODETAPA, IDIMPUGNA)
VALUES ('CIV', 2, 1, 'CON', NULL);

INSERT INTO ESPECIA_ETAPA (CODESPECIALIZACION, PASOETAPA, NINSTANCIA, CODETAPA, IDIMPUGNA)
VALUES ('CIV', 3, 1, 'AUD', NULL);

INSERT INTO ESPECIA_ETAPA (CODESPECIALIZACION, PASOETAPA, NINSTANCIA, CODETAPA, IDIMPUGNA)
VALUES ('CIV', 4, 1, 'PRU', NULL);

INSERT INTO ESPECIA_ETAPA (CODESPECIALIZACION, PASOETAPA, NINSTANCIA, CODETAPA, IDIMPUGNA)
VALUES ('CIV', 5, 1, 'SEN', NULL);

-- Impugnaciones posibles
INSERT INTO ESPECIA_ETAPA (CODESPECIALIZACION, PASOETAPA, NINSTANCIA, CODETAPA, IDIMPUGNA)
VALUES ('CIV', 6, 2, 'IMP', 'RP');

INSERT INTO ESPECIA_ETAPA (CODESPECIALIZACION, PASOETAPA, NINSTANCIA, CODETAPA, IDIMPUGNA)
VALUES ('CIV', 7, 2, 'IMP', 'AP');

INSERT INTO ESPECIA_ETAPA (CODESPECIALIZACION, PASOETAPA, NINSTANCIA, CODETAPA, IDIMPUGNA)
VALUES ('CIV', 8, 3, 'IMP', 'CA');

INSERT INTO ESPECIA_ETAPA (CODESPECIALIZACION, PASOETAPA, NINSTANCIA, CODETAPA, IDIMPUGNA)
VALUES ('CIV', 9, 3, 'IMP', 'RV');

-- ============================================
-- LABORAL (LAB)
-- Etapas: Demanda -> Audiencia -> Pruebas -> Sentencia -> Impugnacion
-- Impugnaciones posibles: Apelacion, casacion
-- ============================================

-- Primera instancia
INSERT INTO ESPECIA_ETAPA (CODESPECIALIZACION, PASOETAPA, NINSTANCIA, CODETAPA, IDIMPUGNA)
VALUES ('LAB', 1, 1, 'DEM', NULL);

INSERT INTO ESPECIA_ETAPA (CODESPECIALIZACION, PASOETAPA, NINSTANCIA, CODETAPA, IDIMPUGNA)
VALUES ('LAB', 2, 1, 'AUD', NULL);

INSERT INTO ESPECIA_ETAPA (CODESPECIALIZACION, PASOETAPA, NINSTANCIA, CODETAPA, IDIMPUGNA)
VALUES ('LAB', 3, 1, 'PRU', NULL);

INSERT INTO ESPECIA_ETAPA (CODESPECIALIZACION, PASOETAPA, NINSTANCIA, CODETAPA, IDIMPUGNA)
VALUES ('LAB', 4, 1, 'SEN', NULL);

-- Impugnaciones posibles
INSERT INTO ESPECIA_ETAPA (CODESPECIALIZACION, PASOETAPA, NINSTANCIA, CODETAPA, IDIMPUGNA)
VALUES ('LAB', 5, 2, 'IMP', 'AP');

INSERT INTO ESPECIA_ETAPA (CODESPECIALIZACION, PASOETAPA, NINSTANCIA, CODETAPA, IDIMPUGNA)
VALUES ('LAB', 6, 3, 'IMP', 'CA');

-- ============================================
-- ADMINISTRATIVO (ADM)
-- Etapas: Demanda -> Contestacion -> Pruebas -> Sentencia -> Impugnacion
-- Impugnaciones posibles: Apelacion, revision, unificacion de jurisprudencia
-- ============================================

-- Primera instancia
INSERT INTO ESPECIA_ETAPA (CODESPECIALIZACION, PASOETAPA, NINSTANCIA, CODETAPA, IDIMPUGNA)
VALUES ('ADM', 1, 1, 'DEM', NULL);

INSERT INTO ESPECIA_ETAPA (CODESPECIALIZACION, PASOETAPA, NINSTANCIA, CODETAPA, IDIMPUGNA)
VALUES ('ADM', 2, 1, 'CON', NULL);

INSERT INTO ESPECIA_ETAPA (CODESPECIALIZACION, PASOETAPA, NINSTANCIA, CODETAPA, IDIMPUGNA)
VALUES ('ADM', 3, 1, 'PRU', NULL);

INSERT INTO ESPECIA_ETAPA (CODESPECIALIZACION, PASOETAPA, NINSTANCIA, CODETAPA, IDIMPUGNA)
VALUES ('ADM', 4, 1, 'SEN', NULL);

-- Impugnaciones posibles
INSERT INTO ESPECIA_ETAPA (CODESPECIALIZACION, PASOETAPA, NINSTANCIA, CODETAPA, IDIMPUGNA)
VALUES ('ADM', 5, 2, 'IMP', 'AP');

INSERT INTO ESPECIA_ETAPA (CODESPECIALIZACION, PASOETAPA, NINSTANCIA, CODETAPA, IDIMPUGNA)
VALUES ('ADM', 6, 2, 'IMP', 'RV');

INSERT INTO ESPECIA_ETAPA (CODESPECIALIZACION, PASOETAPA, NINSTANCIA, CODETAPA, IDIMPUGNA)
VALUES ('ADM', 7, 3, 'IMP', 'UJ');

-- ============================================
-- FAMILIA (FAM) - No esta en tu tabla pero lo incluyo por completitud
-- Etapas: Demanda -> Contestacion -> Audiencia -> Pruebas -> Sentencia -> Impugnacion
-- Impugnaciones posibles: Apelacion, casacion
-- ============================================

-- Primera instancia
INSERT INTO ESPECIA_ETAPA (CODESPECIALIZACION, PASOETAPA, NINSTANCIA, CODETAPA, IDIMPUGNA)
VALUES ('FAM', 1, 1, 'DEM', NULL);

INSERT INTO ESPECIA_ETAPA (CODESPECIALIZACION, PASOETAPA, NINSTANCIA, CODETAPA, IDIMPUGNA)
VALUES ('FAM', 2, 1, 'CON', NULL);

INSERT INTO ESPECIA_ETAPA (CODESPECIALIZACION, PASOETAPA, NINSTANCIA, CODETAPA, IDIMPUGNA)
VALUES ('FAM', 3, 1, 'AUD', NULL);

INSERT INTO ESPECIA_ETAPA (CODESPECIALIZACION, PASOETAPA, NINSTANCIA, CODETAPA, IDIMPUGNA)
VALUES ('FAM', 4, 1, 'PRU', NULL);

INSERT INTO ESPECIA_ETAPA (CODESPECIALIZACION, PASOETAPA, NINSTANCIA, CODETAPA, IDIMPUGNA)
VALUES ('FAM', 5, 1, 'SEN', NULL);

-- Impugnaciones posibles
INSERT INTO ESPECIA_ETAPA (CODESPECIALIZACION, PASOETAPA, NINSTANCIA, CODETAPA, IDIMPUGNA)
VALUES ('FAM', 6, 2, 'IMP', 'AP');

INSERT INTO ESPECIA_ETAPA (CODESPECIALIZACION, PASOETAPA, NINSTANCIA, CODETAPA, IDIMPUGNA)
VALUES ('FAM', 7, 3, 'IMP', 'CA');

-- ============================================
-- TUTELA (TUT)
-- Etapas: Presentacion -> Tramite urgente -> Fallo -> Impugnacion
-- Impugnaciones posibles: Impugnacion de tutela, revision constitucional
-- ============================================

-- Primera instancia
INSERT INTO ESPECIA_ETAPA (CODESPECIALIZACION, PASOETAPA, NINSTANCIA, CODETAPA, IDIMPUGNA)
VALUES ('TUT', 1, 1, 'PRE', NULL);

INSERT INTO ESPECIA_ETAPA (CODESPECIALIZACION, PASOETAPA, NINSTANCIA, CODETAPA, IDIMPUGNA)
VALUES ('TUT', 2, 1, 'TRA', NULL);

INSERT INTO ESPECIA_ETAPA (CODESPECIALIZACION, PASOETAPA, NINSTANCIA, CODETAPA, IDIMPUGNA)
VALUES ('TUT', 3, 1, 'FAL', NULL);

-- Impugnaciones posibles
INSERT INTO ESPECIA_ETAPA (CODESPECIALIZACION, PASOETAPA, NINSTANCIA, CODETAPA, IDIMPUGNA)
VALUES ('TUT', 4, 2, 'IMP', 'IM');

INSERT INTO ESPECIA_ETAPA (CODESPECIALIZACION, PASOETAPA, NINSTANCIA, CODETAPA, IDIMPUGNA)
VALUES ('TUT', 5, 3, 'IMP', 'RC');

---2.4 Insertar 5 clientes y 5 abogados

-- Clientes
INSERT INTO CLIENTE (CODCLIENTE, IDTIPODOC, NOMCLIENTE, APELLCLIENTE, NDOCUMENTO) 
VALUES ('00001', 'CC', 'JULIAN', 'CELIS', '5104895');

INSERT INTO CLIENTE (CODCLIENTE, IDTIPODOC, NOMCLIENTE, APELLCLIENTE, NDOCUMENTO) 
VALUES ('00002', 'CC', 'CRISTIAN', 'LOPEZ', '1021544');

INSERT INTO CLIENTE (CODCLIENTE, IDTIPODOC, NOMCLIENTE, APELLCLIENTE, NDOCUMENTO) 
VALUES ('00003', 'CC', 'CARLOS', 'BARRIGA', '1057891');

INSERT INTO CLIENTE (CODCLIENTE, IDTIPODOC, NOMCLIENTE, APELLCLIENTE, NDOCUMENTO) 
VALUES ('00004', 'TI', 'SANTIAGO', 'PARDO', '1001325');

INSERT INTO CLIENTE (CODCLIENTE, IDTIPODOC, NOMCLIENTE, APELLCLIENTE, NDOCUMENTO) 
VALUES ('00005', 'TI', 'DAVID', 'GIRALDO', '2004789');

---- ABOGADO 
-- Abogados
INSERT INTO ABOGADO (CEDULA, NOMBRE, APELLIDO, NTARJETAPROFESIONAL) 
VALUES ('7894561', 'ANDRES', 'CELIS', '51048');

INSERT INTO ABOGADO (CEDULA, NOMBRE, APELLIDO, NTARJETAPROFESIONAL) 
VALUES ('1234567', 'JUAN', 'LOPEZ', '10215');

INSERT INTO ABOGADO (CEDULA, NOMBRE, APELLIDO, NTARJETAPROFESIONAL) 
VALUES ('3216547', 'CARLOS', 'GOMEZ', '10578');

INSERT INTO ABOGADO (CEDULA, NOMBRE, APELLIDO, NTARJETAPROFESIONAL) 
VALUES ('9876541', 'SANTIAGO', 'JIMENEZ', '10029');

INSERT INTO ABOGADO (CEDULA, NOMBRE, APELLIDO, NTARJETAPROFESIONAL) 
VALUES ('6549873', 'DAVID', 'LOPEZ', '20042');


--2.5 Incluir 3 juzgados y 3 tribunales con la jerarquia de la ciudad. 


--Ciudades
INSERT INTO LUGAR 
VALUES ('BOGOT','CIUD',NULL,'BOGOTA','CL 40 #7', '110221', 'BOGOTA@GMAIL.COM');
INSERT INTO LUGAR
VALUES ('CIUD2','CIUD',NULL,'MEDELLIN','CL 75 #24', '550221', 'MEDELLIN@GMAIL.COM');
--Juzgados 
INSERT INTO LUGAR 
VALUES ('JUZG1','JUZG','BOGOT','JUZGADO 1','CL 45 #20', '523572', 'JUZGADO1@GMAIL.COM');  

INSERT INTO LUGAR
VALUES ('JUZG2','JUZG','CIUD2','JUZGADO 2','KR 15 #30', '623763', 'JUZGADO2@GMAIL.COM');

INSERT INTO LUGAR
VALUES ('JUZG3','JUZG','BOGOT','JUZGADO 3','AV 68 #40', '5362678', 'JUZGADO3@GMAIL.COM');  

--Tribunales
INSERT INTO LUGAR
VALUES ('TRIB1','TRIB','BOGOT','TRIBUNAL 1','CL 10 #5', '52346785', 'TRIBUNAL1@GMAIL.COM');  
INSERT INTO LUGAR
VALUES ('TRIB2','TRIB','CIUD2','TRIBUNAL 2','KR 7 #8', '6234678', 'TRIBUNAL2@GMAIL.COM');  

INSERT INTO LUGAR
VALUES ('TRIB3','TRIB','BOGOT','TRIBUNAL 3','AV 3 #12', '5362789', 'TRIBUNAL3@GMAIL.COM');  




-- 2.6 Caso Hipotetico

-- Cliente
INSERT INTO CLIENTE VALUES ('00010','CC', 'Juan','Perez','2512354');

-- Ciudad
-- en este caso no se inserta la ciudad de Bogota porque ya existen en la base de datos, debido a que en el punto 2.5 se nos solicito crear varios lugares,
-- en caso de que no existiera, se haria de la siguiente manera: 
-- INSERT INTO TIPOLUGAR VALUES ('')
--

--Abogado Penalista
INSERT INTO ABOGADO (CEDULA, NOMBRE, APELLIDO, NTARJETAPROFESIONAL) 
VALUES ('1235468529' ,'Harvey','Specter','62586');  

-- Especializacion Penal en nuestro caso no se crea pues este ya existe en la base de datos, debido a que en el punto 2.3
-- se nos solicito crear varias especializaciones, en caso de que no existiera, se haria de la siguiente manera:
-- INSERT INTO ESPECIALIZACION (CODESPECIALIZACION, NOMESPECIALIZACION) 
-- VALUES ('PEN', 'PENAL');

-- se asigna la especializacion al abogado
INSERT INTO ESP___ABOGADO (CEDULA, CODESPECIALIZACION) VALUES ('1235468529', 'PEN');


-- Se radica el caso:
-- Especializacion Penal en nuestro caso no se crea pues este ya existe en la base de datos, debido a que en el punto 2.3
-- se nos solicito crear varias especializaciones, en caso de que no existiera, se haria de la siguiente manera:
-- INSERT INTO ESPECIALIZACION (CODESPECIALIZACION, NOMESPECIALIZACION) 
-- VALUES ('PEN', 'PENAL');

INSERT INTO CASO (NOCASO, CODCLIENTE, CODESPECIALIZACION, FECHAINICIO, FECHAFIN, VALOR) 
VALUES (00010, '00010', 'PEN', TO_DATE('01/12/2010', 'DD/MM/YYYY'), TO_DATE('24/12/2010', 'DD/MM/YYYY'), '100000000');

-- Cada caso al momento de ser radicado por parte del cliente, se le asigna un numero de expediente que lo identifica:
--creacion del expediente inicial:
-- el expediente requiere el codigo del lugar donde se lleva a cabo la etapa del caso, asi que agregamos el lugar:
INSERT INTO TIPOLUGAR (IDTIPOLUGAR, DESCTIPOLUGAR) VALUES ('EJUD','Entidad Judicial');

INSERT INTO LUGAR (CODLUGAR, IDTIPOLUGAR, LUG_CODLUGAR, NOMLUGAR, DIRELUGAR, TELLUGAR, EMAILLUGAR) 
VALUES ('FGN', 'EJUD', 'BOGOT', 'Fiscalia General Nacion', 'Ac. 24 #52-01', '018000912280', 'FiscaliaGeneral@entidadjudicialcolombia.com');

-- ============================================
-- ETAPA 1: INDAGACION
-- ============================================

-- se crea el expediente para la primer etapa del Caso(Indagacion):
INSERT INTO EXPEDIENTE (CODESPECIALIZACION, PASOETAPA, NOCASO, CONSECEXPE, CODLUGAR, CEDULA, FECHAETAPA)
VALUES ('PEN', 1, 00010, 6528, 'FGN', '1235468529', TO_DATE('01/12/2010', 'DD/MM/YYYY')); 

-- Sucesos de la primer etapa del Caso(Indagacion):
-- procesos de la fiscalia general de la nacion
INSERT INTO SUCESO (CODESPECIALIZACION, PASOETAPA, NOCASO, CONSECEXPE, CONSUCESO, DESCSUCESO)  
VALUES ('PEN', 1, 00010, 6528, 0001, 'Fiscalia recopila pruebas y abre investigacion.');

-- procesos del abogado defensor
INSERT INTO SUCESO (CODESPECIALIZACION, PASOETAPA, NOCASO, CONSECEXPE, CONSUCESO, DESCSUCESO) 
VALUES ('PEN', 1, 00010, 6528, 0002, 'Defensor asesora, solicita pruebas y verifica legalidad.');

--resultado de la indagacion
INSERT INTO RESULTADO (CODESPECIALIZACION, PASOETAPA, NOCASO, CONSECEXPE, CONRESUL, DESCRESUL) 
VALUES ('PEN', 1, 00010, 6528, 0001, 'El resultado de la etapa es la apertura investigacion');

--Documentos etapa indagacion
INSERT INTO DOCUMENTO (CODESPECIALIZACION, PASOETAPA, NOCASO, CONSECEXPE, CONDOC, UBICADOC) 
VALUES ('PEN', 1, 00010, 6528, 0001, 'FISCALIA.GOV.CO/INVESTIGACION/EXP1235468529');


-- ============================================
-- ETAPA 2: IMPUTACION DE CARGOS
-- ============================================

-- Siguiente etapa Imputacion de cargos, se crea el expediente para esta etapa
-- para crear el expediente se necesita el lugar donde se lleva a cabo la etapa, se crea el lugar:
INSERT INTO LUGAR (CODLUGAR, IDTIPOLUGAR, LUG_CODLUGAR, NOMLUGAR, DIRELUGAR, TELLUGAR, EMAILLUGAR) 
VALUES ('JUCG', 'JUZG', 'BOGOT', 'JUZGADO CONTROL', 'CL 45 #23', '52357576', 'JUZGADOCONTROL@GMAIL.COM');  

-- se crea el expediente para la segunda etapa del Caso(Imputacion de cargos):
INSERT INTO EXPEDIENTE (CODESPECIALIZACION, PASOETAPA, NOCASO, CONSECEXPE, CODLUGAR, CEDULA, FECHAETAPA)
VALUES ('PEN', 2, 00010, 6529, 'JUCG', '1235468529', TO_DATE('03/12/2010', 'DD/MM/YYYY')); 

-- Sucesos de la segunda etapa del Caso(Imputacion de cargos):
-- procesos entidad judicial
INSERT INTO SUCESO (CODESPECIALIZACION, PASOETAPA, NOCASO, CONSECEXPE, CONSUCESO, DESCSUCESO)
VALUES ('PEN', 2, 00010, 6529, 0001, 'Fiscal imputa hurto agravado ante juez de control.');

-- procesos del abogado defensor
INSERT INTO SUCESO (CODESPECIALIZACION, PASOETAPA, NOCASO, CONSECEXPE, CONSUCESO, DESCSUCESO)
VALUES ('PEN', 2, 00010, 6529, 0002, 'Defensa acompana y se opone por falta de pruebas.');

--resultado de la imputacion de cargos
INSERT INTO RESULTADO (CODESPECIALIZACION, PASOETAPA, NOCASO, CONSECEXPE, CONRESUL, DESCRESUL)
VALUES ('PEN', 2, 00010, 6529, 0001, 'Con base en los sucesos ocurridos, Como Resultado Juan no acepta cargos');

-- Documentos etapa imputacion de cargos
INSERT INTO DOCUMENTO (CODESPECIALIZACION, PASOETAPA, NOCASO, CONSECEXPE, CONDOC, UBICADOC)
VALUES ('PEN', 2, 00010, 6529, 0002, 'JUZG.CONTROL.GOV.CO/IMPUTACION/EXP1235468529');


-- ============================================
-- ETAPA 3: ACUSACION
-- ============================================

-- Siguiente etapa Acusacion, se crea el expediente para esta etapa:
-- para crear el expediente se necesita el lugar donde se lleva a cabo la etapa, se crea el lugar:
INSERT INTO LUGAR (CODLUGAR, IDTIPOLUGAR, LUG_CODLUGAR, NOMLUGAR, DIRELUGAR, TELLUGAR, EMAILLUGAR)
VALUES ('JUCO', 'JUZG', 'BOGOT', 'JUZGADO DE CONOCIMIENTO', 'CL 50 #17', '5235573', 'JUZGADODECONOCIMIENTO@GMAIL.COM');

-- se crea el expediente para la tercera etapa del Caso(Acusacion):
INSERT INTO EXPEDIENTE (CODESPECIALIZACION, PASOETAPA, NOCASO, CONSECEXPE, CODLUGAR, CEDULA, FECHAETAPA)
VALUES ('PEN', 3, 00010, 6530, 'JUCO', '1235468529', TO_DATE('05/12/2010', 'DD/MM/YYYY'));

-- Sucesos de la tercera etapa del Caso(Acusacion):
-- procesos entidad judicial
INSERT INTO SUCESO (CODESPECIALIZACION, PASOETAPA, NOCASO, CONSECEXPE, CONSUCESO, DESCSUCESO)
VALUES ('PEN', 3, 00010, 6530, 0001, 'Fiscal presenta acusacion y anuncia pruebas para juicio');

-- procesos del abogado defensor
INSERT INTO SUCESO (CODESPECIALIZACION, PASOETAPA, NOCASO, CONSECEXPE, CONSUCESO, DESCSUCESO)
VALUES ('PEN', 3, 00010, 6530, 0002, 'Defensa examina y pide excluir pruebas ilegales.');

-- presentacion de pruebas entidad judicial y abogado defensor
INSERT INTO SUCESO (CODESPECIALIZACION, PASOETAPA, NOCASO, CONSECEXPE, CONSUCESO, DESCSUCESO)
VALUES ('PEN', 3, 00010, 6530, 0003, 'Partes presentan listas de pruebas y testigos.');

-- decicion del juez
INSERT INTO SUCESO (CODESPECIALIZACION, PASOETAPA, NOCASO, CONSECEXPE, CONSUCESO, DESCSUCESO)
VALUES ('PEN', 3, 00010, 6530, 0004, 'Juez define pruebas a practicar en juicio.');

-- abogado defensor
INSERT INTO SUCESO (CODESPECIALIZACION, PASOETAPA, NOCASO, CONSECEXPE, CONSUCESO, DESCSUCESO)
VALUES ('PEN', 3, 00010, 6530, 0005, 'Defensa solicita testigos y exclusion de pruebas ilegales.');

--resultado de la acusacion
INSERT INTO RESULTADO (CODESPECIALIZACION, PASOETAPA, NOCASO, CONSECEXPE, CONRESUL, DESCRESUL)
VALUES ('PEN', 3, 00010, 6530, 0001, 'Se admite la acusacion y se fijan las pruebas que se practicaran en el juicio');

-- Documentos etapa acusacion
INSERT INTO DOCUMENTO (CODESPECIALIZACION, PASOETAPA, NOCASO, CONSECEXPE, CONDOC, UBICADOC)
VALUES ('PEN', 3, 00010, 6530, 0001, 'JUZG.CONOC.GOV.CO/ACUSACION/EXP1235468529');


-- ============================================
-- ETAPA 4: JUICIO
-- ============================================

-- Siguiente etapa Juicio, se crea el expediente para esta etapa:
-- para crear el expediente se necesita el lugar donde se lleva a cabo la etapa, se usa el mismo juzgado de conocimiento

-- se crea el expediente para la cuarta etapa del Caso(Juicio):
INSERT INTO EXPEDIENTE (CODESPECIALIZACION, PASOETAPA, NOCASO, CONSECEXPE, CODLUGAR, CEDULA, FECHAETAPA)
VALUES ('PEN', 4, 00010, 6531, 'JUCO', '1235468529', TO_DATE('10/12/2010', 'DD/MM/YYYY'));

-- Sucesos de la cuarta etapa del Caso(Juicio):
INSERT INTO SUCESO (CODESPECIALIZACION, PASOETAPA, NOCASO, CONSECEXPE, CONSUCESO, DESCSUCESO)
VALUES ('PEN', 4, 00010, 6531, 0001, 'Se practican pruebas, testigos y alegatos; juez sentencia.');

-- abogado defensor
INSERT INTO SUCESO (CODESPECIALIZACION, PASOETAPA, NOCASO, CONSECEXPE, CONSUCESO, DESCSUCESO)
VALUES ('PEN', 4, 00010, 6531, 0002, 'Defensa interroga y pide absolucion por duda razonable.');

-- resultado del juicio
INSERT INTO RESULTADO (CODESPECIALIZACION, PASOETAPA, NOCASO, CONSECEXPE, CONRESUL, DESCRESUL)
VALUES ('PEN', 4, 00010, 6531, 0001, 'Como resultado de la etapa sentencia absolutoria, si no se demuestra la culpabilidad o sentencia condenatoria, si se prueba el hurto mas alla de toda duda razonable');

-- Documentos etapa juicio
INSERT INTO DOCUMENTO (CODESPECIALIZACION, PASOETAPA, NOCASO, CONSECEXPE, CONDOC, UBICADOC)
VALUES ('PEN', 4, 00010, 6531, 0001, 'JUZG.CONOC.GOV.CO/JUICIO/EXP1235468529');


-- ============================================
-- ETAPA 5: SENTENCIA
-- ============================================

-- se crea el expediente para la quinta etapa del Caso (Sentencia):
INSERT INTO EXPEDIENTE (CODESPECIALIZACION, PASOETAPA, NOCASO, CONSECEXPE, CODLUGAR, CEDULA, FECHAETAPA)
VALUES ('PEN', 5, 00010, 6532, 'JUCO', '1235468529', TO_DATE('15/12/2010', 'DD/MM/YYYY'));

-- Sucesos de la quinta etapa del Caso(Sentencia):
-- Se dicta sentencia
INSERT INTO SUCESO (CODESPECIALIZACION, PASOETAPA, NOCASO, CONSECEXPE, CONSUCESO, DESCSUCESO)  
VALUES ('PEN', 5, 00010, 6532, 0001, 'Juez dicta sentencia condenatoria por hurto probado.');

-- Resultado de la sentencia (Primera Instancia)
INSERT INTO RESULTADO (CODESPECIALIZACION, PASOETAPA, NOCASO, CONSECEXPE, CONRESUL, DESCRESUL) 
VALUES ('PEN', 5, 00010, 6532, 0001, 'Sentencia condenatoria por hurto agravado');

-- Documentos etapa sentencia
INSERT INTO DOCUMENTO (CODESPECIALIZACION, PASOETAPA, NOCASO, CONSECEXPE, CONDOC, UBICADOC) 
VALUES ('PEN', 5, 00010, 6532, 0001, 'JUZG.CONOC.GOV.CO/SENTENCIA/EXP1235468529');


-- ============================================
-- ETAPA 6: IMPUGNACIONES (INSTANCIAS JUDICIALES)
-- ============================================

-- Siguiente etapa Impugnaciones
-- para crear el expediente se necesita el lugar donde se lleva a cabo la etapa, se crea el lugar:

-- Impugnacion(Instancias judiciales)

-- Primer instancia de la impugnacion Sentencia
-- Se crea el juzgado penal del circuito 
INSERT INTO LUGAR (CODLUGAR, IDTIPOLUGAR, LUG_CODLUGAR, NOMLUGAR, DIRELUGAR, TELLUGAR, EMAILLUGAR)
VALUES ('JUPC', 'JUZG', 'BOGOT', 'JUZGADO PENAL DEL CIRCUITO', 'CL 55 #19', '5235599', 'JUZGADOPENALDELCIRCUITO@GMAIL.COM');

-- se crea el expediente para la impugnacion
INSERT INTO EXPEDIENTE (CODESPECIALIZACION, PASOETAPA, NOCASO, CONSECEXPE, CODLUGAR, CEDULA, FECHAETAPA)
VALUES ('PEN', 6, 00010, 6533, 'JUPC', '1235468529', TO_DATE('16/12/2010', 'DD/MM/YYYY'));

INSERT INTO SUCESO (CODESPECIALIZACION, PASOETAPA, NOCASO, CONSECEXPE, CONSUCESO, DESCSUCESO)
VALUES ('PEN', 6, 00010, 6533, 0001, 'Sentencia inicial del Juez Penal del Circuito.');

-- Resultado primera instancia
INSERT INTO RESULTADO (CODESPECIALIZACION, PASOETAPA, NOCASO, CONSECEXPE, CONRESUL, DESCRESUL)
VALUES ('PEN', 6, 00010, 6533, 0001, 'Sentencia en primera instancia confirmada');

-- Documentos primera instancia
INSERT INTO DOCUMENTO (CODESPECIALIZACION, PASOETAPA, NOCASO, CONSECEXPE, CONDOC, UBICADOC)
VALUES ('PEN', 6, 00010, 6533, 0001, 'JUZG.PENALCIRC.GOV.CO/SENTENCIA/EXP1235468529');


-- ============================================
-- SEGUNDA INSTANCIA - APELACION
-- ============================================

-- Segunda instancia de la impugnacion Apelacion
-- Se crea el tribunal superior del distrito judicial
INSERT INTO LUGAR (CODLUGAR, IDTIPOLUGAR, LUG_CODLUGAR, NOMLUGAR, DIRELUGAR, TELLUGAR, EMAILLUGAR)
VALUES ('TSDJ', 'TRIB', 'BOGOT', 'Tribunal Superior D Judicial', 'CL 60 #25', '5235600', 'TRIBUNALSUPERIORDISTRITOJUDICIAL@GMAIL.COM');

INSERT INTO EXPEDIENTE (CODESPECIALIZACION, PASOETAPA, NOCASO, CONSECEXPE, CODLUGAR, CEDULA, FECHAETAPA)
VALUES ('PEN', 7, 00010, 6534, 'TSDJ', '1235468529', TO_DATE('20/12/2010', 'DD/MM/YYYY'));

INSERT INTO SUCESO (CODESPECIALIZACION, PASOETAPA, NOCASO, CONSECEXPE, CONSUCESO, DESCSUCESO)
VALUES ('PEN', 7, 00010, 6534, 0001, 'Defensa apela; tribunal puede confirmar, modificar o revocar.');

-- Resultado segunda instancia
INSERT INTO RESULTADO (CODESPECIALIZACION, PASOETAPA, NOCASO, CONSECEXPE, CONRESUL, DESCRESUL)
VALUES ('PEN', 7, 00010, 6534, 0001, 'El Tribunal Superior confirma la sentencia condenatoria');

-- Documentos segunda instancia
INSERT INTO DOCUMENTO (CODESPECIALIZACION, PASOETAPA, NOCASO, CONSECEXPE, CONDOC, UBICADOC)
VALUES ('PEN', 7, 00010, 6534, 0001, 'TRIB.SUP.DIST.GOV.CO/APELACION/EXP1235468529');


-- ============================================
-- TERCERA INSTANCIA - CASACION
-- ============================================

-- Tercera instancia de la impugnacion Casacion
-- Se crea la corte suprema de justicia
INSERT INTO LUGAR (CODLUGAR, IDTIPOLUGAR, LUG_CODLUGAR, NOMLUGAR, DIRELUGAR, TELLUGAR, EMAILLUGAR)
VALUES ('CSJ', 'TRIB', 'BOGOT', 'CORTE SUPREMA DE JUSTICIA', 'CL 70 #30', '5235610', 'CORTESUPREMAJUSTICIA@GMAIL.COM');

INSERT INTO EXPEDIENTE (CODESPECIALIZACION, PASOETAPA, NOCASO, CONSECEXPE, CODLUGAR, CEDULA, FECHAETAPA)
VALUES ('PEN', 8, 00010, 6535, 'CSJ', '1235468529', TO_DATE('22/12/2010', 'DD/MM/YYYY'));

INSERT INTO SUCESO (CODESPECIALIZACION, PASOETAPA, NOCASO, CONSECEXPE, CONSUCESO, DESCSUCESO)
VALUES ('PEN', 8, 00010, 6535, 0001, 'Defensa interpone casacion por errores graves de derecho.');

-- Resultado tercera instancia
INSERT INTO RESULTADO (CODESPECIALIZACION, PASOETAPA, NOCASO, CONSECEXPE, CONRESUL, DESCRESUL)
VALUES ('PEN', 8, 00010, 6535, 0001, 'La Corte Suprema casa la sentencia y ordena un nuevo juicio');

-- Documentos tercera instancia
INSERT INTO DOCUMENTO (CODESPECIALIZACION, PASOETAPA, NOCASO, CONSECEXPE, CONDOC, UBICADOC)
VALUES ('PEN', 8, 00010, 6535, 0001, 'CSJ.GOV.CO/CASACION/EXP1235468529');


-- ============================================
-- CUARTA INSTANCIA - REVISION CONSTITUCIONAL
-- ============================================

--- Cuarta instancia de la impugnacion Revision
INSERT INTO LUGAR (CODLUGAR, IDTIPOLUGAR, LUG_CODLUGAR, NOMLUGAR, DIRELUGAR, TELLUGAR, EMAILLUGAR)
VALUES ('CCJ', 'TRIB', 'BOGOT', 'Corte Constitucional Justicia', 'CL 80 #35', '5235620', 'CORTECONSTITUCIONALDEJUSTICIA@GMAIL.COM');

INSERT INTO EXPEDIENTE (CODESPECIALIZACION, PASOETAPA, NOCASO, CONSECEXPE, CODLUGAR, CEDULA, FECHAETAPA)
VALUES ('PEN', 9, 00010, 6536, 'CCJ', '1235468529', TO_DATE('24/12/2010', 'DD/MM/YYYY'));

INSERT INTO SUCESO (CODESPECIALIZACION, PASOETAPA, NOCASO, CONSECEXPE, CONSUCESO, DESCSUCESO)
VALUES ('PEN', 9, 00010, 6536, 0001, 'Se presenta tutela por derechos vulnerados; Corte revisa caso.');

-- Resultado cuarta instancia
INSERT INTO RESULTADO (CODESPECIALIZACION, PASOETAPA, NOCASO, CONSECEXPE, CONRESUL, DESCRESUL)
VALUES ('PEN', 9, 00010, 6536, 0001, 'La Corte Constitucional revisa el caso y protege los derechos fundamentales');

-- Documentos cuarta instancia
INSERT INTO DOCUMENTO (CODESPECIALIZACION, PASOETAPA, NOCASO, CONSECEXPE, CONDOC, UBICADOC)
VALUES ('PEN', 9, 00010, 6536, 0001, 'CCJ.GOV.CO/REVISION/EXP1235468529');


-- ============================================
-- DATOS ADICIONALES DEL CASO
-- ============================================

-- Contactos del Cliente Juan Perez (CORREGIDO: nombres de columnas y NOTIFICACION agregada)
INSERT INTO CONTACTO (CODCLIENTE, CONSECONTACTO, IDTIPOCONTA, VALORCONTACTO, NOTIFICACION)
VALUES ('00010', 0001, 'CEL', '3105551234', 1);

INSERT INTO CONTACTO (CODCLIENTE, CONSECONTACTO, IDTIPOCONTA, VALORCONTACTO, NOTIFICACION)
VALUES ('00010', 0002, 'EMA', 'juan.perez@email.com', 1);

INSERT INTO CONTACTO (CODCLIENTE, CONSECONTACTO, IDTIPOCONTA, VALORCONTACTO, NOTIFICACION)
VALUES ('00010', 0003, 'DIR', 'Calle 45 #12-34, Bogota', 1);

-- Pagos del caso (CORREGIDO: eliminado CODCLIENTE que no existe, agregado NTARJETA)
INSERT INTO PAGO (CONSECPAGO, NOCASO, IDFORMAPAGO, CODFRANQUICIA, FECHAPAGO, VALORPAGO, NTARJETA)
VALUES (0001, 00010, 'TAR', 'VIS', TO_DATE('01/12/2010', 'DD/MM/YYYY'), 50000000, 411111111111111);

INSERT INTO PAGO (CONSECPAGO, NOCASO, IDFORMAPAGO, CODFRANQUICIA, FECHAPAGO, VALORPAGO, NTARJETA)
VALUES (0002, 00010, 'EFE', NULL, TO_DATE('15/12/2010', 'DD/MM/YYYY'), 50000000, NULL);

