INSERT INTO TIPOCONTACT (IDTIPOCONTA, DESCTIPOCONTA) 
VALUES ('CEL', 'TELEFONO CELULAR');
INSERT INTO TIPOCONTACT (IDTIPOCONTA, DESCTIPOCONTA) 
VALUES ('EMA', 'CORREO ELECTRONICO');
INSERT INTO TIPOCONTACT (IDTIPOCONTA, DESCTIPOCONTA) 
VALUES ('DIR', 'DIRECCION NOTIFICACION');
INSERT INTO TIPODOCUMENTO (IDTIPODOC, DESCTIPODOC) 
VALUES ('CC', 'CEDULA DE CIUDADANIA');
INSERT INTO TIPODOCUMENTO (IDTIPODOC, DESCTIPODOC) 
VALUES ('TI', 'TARJETA DE IDENTIDAD');
INSERT INTO TIPODOCUMENTO (IDTIPODOC, DESCTIPODOC) 
VALUES ('CE', 'CEDULA DE EXTRANJERIA');
INSERT INTO TIPOLUGAR (IDTIPOLUGAR, DESCTIPOLUGAR) 
VALUES ('JUZG', 'JUZGADO');
INSERT INTO TIPOLUGAR (IDTIPOLUGAR, DESCTIPOLUGAR) 
VALUES ('CIUD', 'CIUDAD');
INSERT INTO TIPOLUGAR (IDTIPOLUGAR, DESCTIPOLUGAR) 
VALUES ('TRIB', 'TRIBUNAL');
INSERT INTO FORMAPAGO (IDFORMAPAGO, DESCFORMAPAGO) 
VALUES ('EFE', 'EFECTIVO');
INSERT INTO FORMAPAGO (IDFORMAPAGO, DESCFORMAPAGO) 
VALUES ('TAR', 'TARJETA CRED O DEB');
INSERT INTO FORMAPAGO (IDFORMAPAGO, DESCFORMAPAGO) 
VALUES ('CHE', 'CHEQUE');
INSERT INTO FRANQUICIA (CODFRANQUICIA, NOMFRANQUICIA) 
VALUES ('VIS', 'VISA');
INSERT INTO FRANQUICIA (CODFRANQUICIA, NOMFRANQUICIA) 
VALUES ('MAS', 'MASTERCARD');
INSERT INTO FRANQUICIA (CODFRANQUICIA, NOMFRANQUICIA) 
VALUES ('AME', 'AMERICAN EXPRESS');
INSERT INTO ESPECIALIZACION (CODESPECIALIZACION, NOMESPECIALIZACION) 
VALUES ('PEN', 'PENAL');
INSERT INTO ESPECIALIZACION (CODESPECIALIZACION, NOMESPECIALIZACION) 
VALUES ('CIV', 'CIVIL');
INSERT INTO ESPECIALIZACION (CODESPECIALIZACION, NOMESPECIALIZACION) 
VALUES ('LAB', 'LABORAL');
INSERT INTO ESPECIALIZACION (CODESPECIALIZACION, NOMESPECIALIZACION) 
VALUES ('ADM', 'ADMINISTRATIVO');
INSERT INTO ESPECIALIZACION (CODESPECIALIZACION, NOMESPECIALIZACION) 
VALUES ('TUT', 'TUTELA');
INSERT INTO ESPECIALIZACION (CODESPECIALIZACION, NOMESPECIALIZACION) 
VALUES ('FAM', 'FAMILIA');
INSERT INTO ETAPAPROCESAL (CODETAPA, NOMETAPA) 
VALUES ('IND', 'INDAGACION');
INSERT INTO ETAPAPROCESAL (CODETAPA, NOMETAPA) 
VALUES ('IPN','IMPUTACION');
INSERT INTO ETAPAPROCESAL (CODETAPA, NOMETAPA) 
VALUES ('ACU','ACUSACION');
INSERT INTO ETAPAPROCESAL (CODETAPA, NOMETAPA) 
VALUES ('JUI','JUICIO');
INSERT INTO ETAPAPROCESAL (CODETAPA, NOMETAPA) 
VALUES ('SEN','SENTENCIA');
INSERT INTO ETAPAPROCESAL (CODETAPA, NOMETAPA) 
VALUES ('IMP','IMPUGNACION');
INSERT INTO ETAPAPROCESAL (CODETAPA, NOMETAPA) 
VALUES ('DEM', 'DEMANDA');
INSERT INTO ETAPAPROCESAL (CODETAPA, NOMETAPA) 
VALUES ('CON', 'CONTESTACION');
INSERT INTO ETAPAPROCESAL (CODETAPA, NOMETAPA) 
VALUES ('AUD','AUDIENCIA');
INSERT INTO ETAPAPROCESAL (CODETAPA, NOMETAPA)
VALUES ('PRU','PRUEBAS');
INSERT INTO ETAPAPROCESAL (CODETAPA, NOMETAPA) 
VALUES ('PRE','PRESENTACION');
INSERT INTO ETAPAPROCESAL (CODETAPA, NOMETAPA) 
VALUES ('TRA', 'TRÁMITE URGENTE');
INSERT INTO ETAPAPROCESAL (CODETAPA, NOMETAPA) VALUES ('FAL', 'FALLO');
INSERT INTO IMPUGNACION(IDIMPUGNA, NOMIMPUGNA) VALUES ('RP', 'REPOSICIÓN');
INSERT INTO IMPUGNACION(IDIMPUGNA, NOMIMPUGNA) VALUES ('AP', 'APELACIÓN');
INSERT INTO IMPUGNACION(IDIMPUGNA, NOMIMPUGNA) VALUES ('CA', 'CASACIÓN');
INSERT INTO IMPUGNACION(IDIMPUGNA, NOMIMPUGNA) VALUES ('RV', 'REVISION');
INSERT INTO IMPUGNACION(IDIMPUGNA, NOMIMPUGNA) VALUES ('UJ', 'UNIFICACIÓN DE JURISPRUDENCIA');
INSERT INTO IMPUGNACION(IDIMPUGNA, NOMIMPUGNA) VALUES ('IM', 'IMPUGNACION DE TUTELA');
INSERT INTO IMPUGNACION(IDIMPUGNA, NOMIMPUGNA) VALUES ('RC', 'REVISIÓN CONSTITUCIONAL');
INSERT INTO INSTANCIA(NINSTANCIA) VALUES (1);
INSERT INTO INSTANCIA(NINSTANCIA) VALUES (2);
INSERT INTO INSTANCIA (NINSTANCIA) VALUES (3);
INSERT INTO ESPECIA_ETAPA (CODESPECIALIZACION, PASOETAPA, NINSTANCIA, CODETAPA, IDIMPUGNA) VALUES ('PEN', 1, 1, 'IND', NULL);
INSERT INTO ESPECIA_ETAPA (CODESPECIALIZACION, PASOETAPA, NINSTANCIA, CODETAPA, IDIMPUGNA) VALUES ('PEN', 2, 1, 'IPN', NULL);
INSERT INTO ESPECIA_ETAPA (CODESPECIALIZACION, PASOETAPA, NINSTANCIA, CODETAPA, IDIMPUGNA) VALUES ('PEN', 3, 1, 'ACU', NULL);
INSERT INTO ESPECIA_ETAPA (CODESPECIALIZACION, PASOETAPA, NINSTANCIA, CODETAPA, IDIMPUGNA) VALUES ('PEN', 4, 1, 'JUI', NULL);
INSERT INTO ESPECIA_ETAPA (CODESPECIALIZACION, PASOETAPA, NINSTANCIA, CODETAPA, IDIMPUGNA) VALUES ('PEN', 5, 1, 'SEN', NULL);
INSERT INTO ESPECIA_ETAPA (CODESPECIALIZACION, PASOETAPA, NINSTANCIA, CODETAPA, IDIMPUGNA) VALUES ('PEN', 6, 2, 'IMP', 'RP');
INSERT INTO ESPECIA_ETAPA (CODESPECIALIZACION, PASOETAPA, NINSTANCIA, CODETAPA, IDIMPUGNA) VALUES ('PEN', 7, 2, 'IMP', 'AP');
INSERT INTO ESPECIA_ETAPA (CODESPECIALIZACION, PASOETAPA, NINSTANCIA, CODETAPA, IDIMPUGNA) VALUES ('PEN', 8, 3, 'IMP', 'CA');
INSERT INTO ESPECIA_ETAPA (CODESPECIALIZACION, PASOETAPA, NINSTANCIA, CODETAPA, IDIMPUGNA) VALUES ('PEN', 9, 3, 'IMP', 'RV');
INSERT INTO ESPECIA_ETAPA (CODESPECIALIZACION, PASOETAPA, NINSTANCIA, CODETAPA, IDIMPUGNA) VALUES ('CIV', 1, 1, 'DEM', NULL);
INSERT INTO ESPECIA_ETAPA (CODESPECIALIZACION, PASOETAPA, NINSTANCIA, CODETAPA, IDIMPUGNA) VALUES ('CIV', 2, 1, 'CON', NULL);
INSERT INTO ESPECIA_ETAPA (CODESPECIALIZACION, PASOETAPA, NINSTANCIA, CODETAPA, IDIMPUGNA) VALUES ('CIV', 3, 1, 'AUD', NULL);
INSERT INTO ESPECIA_ETAPA (CODESPECIALIZACION, PASOETAPA, NINSTANCIA, CODETAPA, IDIMPUGNA) VALUES ('CIV', 4, 1, 'PRU', NULL);
INSERT INTO ESPECIA_ETAPA (CODESPECIALIZACION, PASOETAPA, NINSTANCIA, CODETAPA, IDIMPUGNA) VALUES ('CIV', 5, 1, 'SEN', NULL);
INSERT INTO ESPECIA_ETAPA (CODESPECIALIZACION, PASOETAPA, NINSTANCIA, CODETAPA, IDIMPUGNA) VALUES ('CIV', 6, 2, 'IMP', 'RP');
INSERT INTO ESPECIA_ETAPA (CODESPECIALIZACION, PASOETAPA, NINSTANCIA, CODETAPA, IDIMPUGNA) VALUES ('CIV', 7, 2, 'IMP', 'AP');
INSERT INTO ESPECIA_ETAPA (CODESPECIALIZACION, PASOETAPA, NINSTANCIA, CODETAPA, IDIMPUGNA) VALUES ('CIV', 8, 3, 'IMP', 'CA');
INSERT INTO ESPECIA_ETAPA (CODESPECIALIZACION, PASOETAPA, NINSTANCIA, CODETAPA, IDIMPUGNA) VALUES ('CIV', 9, 3, 'IMP', 'RV');
INSERT INTO ESPECIA_ETAPA (CODESPECIALIZACION, PASOETAPA, NINSTANCIA, CODETAPA, IDIMPUGNA) VALUES ('LAB', 1, 1, 'DEM', NULL);
INSERT INTO ESPECIA_ETAPA (CODESPECIALIZACION, PASOETAPA, NINSTANCIA, CODETAPA, IDIMPUGNA) VALUES ('LAB', 2, 1, 'AUD', NULL);
INSERT INTO ESPECIA_ETAPA (CODESPECIALIZACION, PASOETAPA, NINSTANCIA, CODETAPA, IDIMPUGNA) VALUES ('LAB', 3, 1, 'PRU', NULL);
INSERT INTO ESPECIA_ETAPA (CODESPECIALIZACION, PASOETAPA, NINSTANCIA, CODETAPA, IDIMPUGNA) VALUES ('LAB', 4, 1, 'SEN', NULL);
INSERT INTO ESPECIA_ETAPA (CODESPECIALIZACION, PASOETAPA, NINSTANCIA, CODETAPA, IDIMPUGNA) VALUES ('LAB', 5, 2, 'IMP', 'AP');
INSERT INTO ESPECIA_ETAPA (CODESPECIALIZACION, PASOETAPA, NINSTANCIA, CODETAPA, IDIMPUGNA) VALUES ('LAB', 6, 3, 'IMP', 'CA');
INSERT INTO ESPECIA_ETAPA (CODESPECIALIZACION, PASOETAPA, NINSTANCIA, CODETAPA, IDIMPUGNA) VALUES ('ADM', 1, 1, 'DEM', NULL);
INSERT INTO ESPECIA_ETAPA (CODESPECIALIZACION, PASOETAPA, NINSTANCIA, CODETAPA, IDIMPUGNA) VALUES ('ADM', 2, 1, 'CON', NULL);
INSERT INTO ESPECIA_ETAPA (CODESPECIALIZACION, PASOETAPA, NINSTANCIA, CODETAPA, IDIMPUGNA) VALUES ('ADM', 3, 1, 'PRU', NULL);
INSERT INTO ESPECIA_ETAPA (CODESPECIALIZACION, PASOETAPA, NINSTANCIA, CODETAPA, IDIMPUGNA) VALUES ('ADM', 4, 1, 'SEN', NULL);
INSERT INTO ESPECIA_ETAPA (CODESPECIALIZACION, PASOETAPA, NINSTANCIA, CODETAPA, IDIMPUGNA) VALUES ('ADM', 5, 2, 'IMP', 'AP');
INSERT INTO ESPECIA_ETAPA (CODESPECIALIZACION, PASOETAPA, NINSTANCIA, CODETAPA, IDIMPUGNA) VALUES ('ADM', 6, 2, 'IMP', 'RV');
INSERT INTO ESPECIA_ETAPA (CODESPECIALIZACION, PASOETAPA, NINSTANCIA, CODETAPA, IDIMPUGNA) VALUES ('ADM', 7, 3, 'IMP', 'UJ');
INSERT INTO ESPECIA_ETAPA (CODESPECIALIZACION, PASOETAPA, NINSTANCIA, CODETAPA, IDIMPUGNA) VALUES ('FAM', 1, 1, 'DEM', NULL);
INSERT INTO ESPECIA_ETAPA (CODESPECIALIZACION, PASOETAPA, NINSTANCIA, CODETAPA, IDIMPUGNA) VALUES ('FAM', 2, 1, 'CON', NULL);
INSERT INTO ESPECIA_ETAPA (CODESPECIALIZACION, PASOETAPA, NINSTANCIA, CODETAPA, IDIMPUGNA) VALUES ('FAM', 3, 1, 'AUD', NULL);
INSERT INTO ESPECIA_ETAPA (CODESPECIALIZACION, PASOETAPA, NINSTANCIA, CODETAPA, IDIMPUGNA) VALUES ('FAM', 4, 1, 'PRU', NULL);
INSERT INTO ESPECIA_ETAPA (CODESPECIALIZACION, PASOETAPA, NINSTANCIA, CODETAPA, IDIMPUGNA) VALUES ('FAM', 5, 1, 'SEN', NULL);
INSERT INTO ESPECIA_ETAPA (CODESPECIALIZACION, PASOETAPA, NINSTANCIA, CODETAPA, IDIMPUGNA) VALUES ('FAM', 6, 2, 'IMP', 'AP');
INSERT INTO ESPECIA_ETAPA (CODESPECIALIZACION, PASOETAPA, NINSTANCIA, CODETAPA, IDIMPUGNA) VALUES ('FAM', 7, 3, 'IMP', 'CA');
INSERT INTO ESPECIA_ETAPA (CODESPECIALIZACION, PASOETAPA, NINSTANCIA, CODETAPA, IDIMPUGNA) VALUES ('TUT', 1, 1, 'PRE', NULL);
INSERT INTO ESPECIA_ETAPA (CODESPECIALIZACION, PASOETAPA, NINSTANCIA, CODETAPA, IDIMPUGNA) VALUES ('TUT', 2, 1, 'TRA', NULL);
INSERT INTO ESPECIA_ETAPA (CODESPECIALIZACION, PASOETAPA, NINSTANCIA, CODETAPA, IDIMPUGNA) VALUES ('TUT', 3, 1, 'FAL', NULL);
INSERT INTO ESPECIA_ETAPA (CODESPECIALIZACION, PASOETAPA, NINSTANCIA, CODETAPA, IDIMPUGNA) VALUES ('TUT', 4, 2, 'IMP', 'IM');
INSERT INTO ESPECIA_ETAPA (CODESPECIALIZACION, PASOETAPA, NINSTANCIA, CODETAPA, IDIMPUGNA) VALUES ('TUT', 5, 3, 'IMP', 'RC');
INSERT INTO CLIENTE (CODCLIENTE, IDTIPODOC, NOMCLIENTE, APELLCLIENTE, NDOCUMENTO)
VALUES ('00001', 'CC', 'JULIAN', 'CELIS', '5104895');
INSERT INTO CLIENTE (CODCLIENTE, IDTIPODOC, NOMCLIENTE, APELLCLIENTE, NDOCUMENTO)
VALUES ('00002', 'CC', 'CRISTIAN', 'LOPEZ', '1021544');
INSERT INTO CLIENTE (CODCLIENTE, IDTIPODOC, NOMCLIENTE, APELLCLIENTE, NDOCUMENTO)
VALUES ('00003', 'CC', 'CARLOS', 'BARRIGA', '1057891');
INSERT INTO CLIENTE (CODCLIENTE, IDTIPODOC, NOMCLIENTE, APELLCLIENTE, NDOCUMENTO)
VALUES ('00004', 'TI', 'SANTIAGO', 'PARDO', '1001325');
INSERT INTO CLIENTE (CODCLIENTE, IDTIPODOC, NOMCLIENTE, APELLCLIENTE, NDOCUMENTO)
VALUES ('00005', 'TI', 'DAVID', 'GIRALDO', '2004789');
INSERT INTO ABOGADO (CEDULA, NOMBRE, APELLIDO, NTARJETAPROFESIONAL)
VALUES ('7894561', 'ANDRES', 'CELIS', '51048');
INSERT INTO ABOGADO (CEDULA, NOMBRE, APELLIDO, NTARJETAPROFESIONAL)
VALUES ('1234567', 'JUAN', 'LOPEZ', '10215');
INSERT INTO ABOGADO (CEDULA, NOMBRE, APELLIDO, NTARJETAPROFESIONAL)
VALUES ('3216547', 'CARLOS', 'GOMEZ', '10578');
INSERT INTO ABOGADO (CEDULA, NOMBRE, APELLIDO, NTARJETAPROFESIONAL)
VALUES ('9876541', 'SANTIAGO', 'JIMENEZ', '10029');
INSERT INTO ABOGADO (CEDULA, NOMBRE, APELLIDO, NTARJETAPROFESIONAL)
VALUES ('6549873', 'DAVID', 'LOPEZ', '20042');
INSERT INTO LUGAR
VALUES ('BOGOT','CIUD',NULL,'BOGOTA','CL 40 #7', '110221', 'BOGOTA@GMAIL.COM');
INSERT INTO LUGAR
VALUES ('CIUD2','CIUD',NULL,'MEDELLIN','CL 75 #24', '550221', 'MEDELLIN@GMAIL.COM');
INSERT INTO LUGAR
VALUES ('JUZG1','JUZG','BOGOT','JUZGADO 1','CL 45 #20', '523572', 'JUZGADO1@GMAIL.COM');
INSERT INTO LUGAR
VALUES ('JUZG2','JUZG','CIUD2','JUZGADO 2','KR 15 #30', '623763', 'JUZGADO2@GMAIL.COM');
INSERT INTO LUGAR
VALUES ('JUZG3','JUZG','BOGOT','JUZGADO 3','AV 68 #40', '5362678', 'JUZGADO3@GMAIL.COM');
INSERT INTO LUGAR
VALUES ('TRIB1','TRIB','BOGOT','TRIBUNAL 1','CL 10 #5', '52346785', 'TRIBUNAL1@GMAIL.COM');
INSERT INTO LUGAR
VALUES ('TRIB2','TRIB','CIUD2','TRIBUNAL 2','KR 7 #8', '6234678', 'TRIBUNAL2@GMAIL.COM');
INSERT INTO LUGAR
VALUES ('TRIB3','TRIB','BOGOT','TRIBUNAL 3','AV 3 #12', '5362789', 'TRIBUNAL3@GMAIL.COM');






INSERT INTO CLIENTE
VALUES ('00010','CC', 'Juan','Perez','2512354');
INSERT INTO ABOGADO (CEDULA, NOMBRE, APELLIDO, NTARJETAPROFESIONAL)
VALUES ('1235468529' ,'Harvey','Specter','62586');
INSERT INTO ESP___ABOGADO (CEDULA, CODESPECIALIZACION)
VALUES ('1235468529', 'PEN');
INSERT INTO CASO (NOCASO, CODCLIENTE, CODESPECIALIZACION, FECHAINICIO, FECHAFIN, VALOR)
VALUES (00010, '00010', 'PEN', TO_DATE('01/12/2010', 'DD/MM/YYYY'), TO_DATE('24/12/2010', 'DD/MM/YYYY'), '100000000');
INSERT INTO TIPOLUGAR (IDTIPOLUGAR, DESCTIPOLUGAR)
VALUES ('EJUD','Entidad Judicial');
INSERT INTO LUGAR (CODLUGAR, IDTIPOLUGAR, LUG_CODLUGAR, NOMLUGAR, DIRELUGAR, TELLUGAR, EMAILLUGAR)
VALUES ('FGN', 'EJUD', 'BOGOT', 'Fiscalía General Nación', 'Ac. 24 #52-01', '018000912280', 'FiscaliaGeneral@entidadjudicialcolombia.com');
INSERT INTO EXPEDIENTE (CODESPECIALIZACION, PASOETAPA, NOCASO, CONSECEXPE, CODLUGAR, CEDULA, FECHAETAPA)
VALUES ('PEN', 1, 00010, 6528, 'FGN', '1235468529', TO_DATE('01/12/2010', 'DD/MM/YYYY'));
INSERT INTO SUCESO (CODESPECIALIZACION, PASOETAPA, NOCASO, CONSECEXPE, CONSUCESO, DESCSUCESO)
VALUES ('PEN', 1, 00010, 6528, 0001, 'Fiscalía recopila pruebas y abre investigación.');
INSERT INTO SUCESO (CODESPECIALIZACION, PASOETAPA, NOCASO, CONSECEXPE, CONSUCESO, DESCSUCESO)
VALUES ('PEN', 1, 00010, 6528, 0002, 'Defensor asesora, solicita pruebas y verifica legalidad.');
INSERT INTO RESULTADO (CODESPECIALIZACION, PASOETAPA, NOCASO, CONSECEXPE, CONRESUL, DESCRESUL)
VALUES ('PEN', 1, 00010, 6528, 0001, 'El resultado de la etapa es la apertura investigación');
INSERT INTO DOCUMENTO (CODESPECIALIZACION, PASOETAPA, NOCASO, CONSECEXPE, CONDOC, UBICADOC)
VALUES ('PEN', 1, 00010, 6528, 0001, 'FISCALIA.GOV.CO/INVESTIGACION/EXP1235468529');
INSERT INTO LUGAR (CODLUGAR, IDTIPOLUGAR, LUG_CODLUGAR, NOMLUGAR, DIRELUGAR, TELLUGAR, EMAILLUGAR)
VALUES ('JUCG', 'JUZG', 'BOGOT', 'JUZGADO CONTROL', 'CL 45 #23', '52357576', 'JUZGADOCONTROL@GMAIL.COM');
INSERT INTO EXPEDIENTE (CODESPECIALIZACION, PASOETAPA, NOCASO, CONSECEXPE, CODLUGAR, CEDULA, FECHAETAPA)
VALUES ('PEN', 2, 00010, 6529, 'JUCG', '1235468529', TO_DATE('03/12/2010', 'DD/MM/YYYY'));
INSERT INTO SUCESO (CODESPECIALIZACION, PASOETAPA, NOCASO, CONSECEXPE, CONSUCESO, DESCSUCESO)
VALUES ('PEN', 2, 00010, 6529, 0001, 'Fiscal imputa hurto agravado ante juez de control.');
INSERT INTO SUCESO (CODESPECIALIZACION, PASOETAPA, NOCASO, CONSECEXPE, CONSUCESO, DESCSUCESO)
VALUES ('PEN', 2, 00010, 6529, 0002, 'Defensa acompaña y se opone por falta de pruebas.');
INSERT INTO RESULTADO (CODESPECIALIZACION, PASOETAPA, NOCASO, CONSECEXPE, CONRESUL, DESCRESUL)
VALUES ('PEN', 2, 00010, 6529, 0001, 'Con base en los sucesos ocurridos, Como Resultado Juan no acepta cargos');
INSERT INTO DOCUMENTO (CODESPECIALIZACION, PASOETAPA, NOCASO, CONSECEXPE, CONDOC, UBICADOC)
VALUES ('PEN', 2, 00010, 6529, 0002, 'JUZG.CONTROL.GOV.CO/IMPUTACION/EXP1235468529');
INSERT INTO LUGAR (CODLUGAR, IDTIPOLUGAR, LUG_CODLUGAR, NOMLUGAR, DIRELUGAR, TELLUGAR, EMAILLUGAR)
VALUES ('JUCO', 'JUZG', 'BOGOT', 'JUZGADO DE CONOCIMIENTO', 'CL 50 #17', '5235573', 'JUZGADODECONOCIMIENTO@GMAIL.COM');
INSERT INTO EXPEDIENTE (CODESPECIALIZACION, PASOETAPA, NOCASO, CONSECEXPE, CODLUGAR, CEDULA, FECHAETAPA)
VALUES ('PEN', 3, 00010, 6530, 'JUCO', '1235468529', TO_DATE('05/12/2010', 'DD/MM/YYYY'));
INSERT INTO SUCESO (CODESPECIALIZACION, PASOETAPA, NOCASO, CONSECEXPE, CONSUCESO, DESCSUCESO)
VALUES ('PEN', 3, 00010, 6530, 0001, 'Fiscal presenta acusación y anuncia pruebas para juicio');
INSERT INTO SUCESO (CODESPECIALIZACION, PASOETAPA, NOCASO, CONSECEXPE, CONSUCESO, DESCSUCESO)
VALUES ('PEN', 3, 00010, 6530, 0002, 'Defensa examina y pide excluir pruebas ilegales.');
INSERT INTO SUCESO (CODESPECIALIZACION, PASOETAPA, NOCASO, CONSECEXPE, CONSUCESO, DESCSUCESO)
VALUES ('PEN', 3, 00010, 6530, 0003, 'Partes presentan listas de pruebas y testigos.');
INSERT INTO SUCESO (CODESPECIALIZACION, PASOETAPA, NOCASO, CONSECEXPE, CONSUCESO, DESCSUCESO)
VALUES ('PEN', 3, 00010, 6530, 0004, 'Juez define pruebas a practicar en juicio.');
INSERT INTO SUCESO (CODESPECIALIZACION, PASOETAPA, NOCASO, CONSECEXPE, CONSUCESO, DESCSUCESO)
VALUES ('PEN', 3, 00010, 6530, 0005, 'Defensa solicita testigos y exclusión de pruebas ilegales.');
INSERT INTO RESULTADO (CODESPECIALIZACION, PASOETAPA, NOCASO, CONSECEXPE, CONRESUL, DESCRESUL)
VALUES ('PEN', 3, 00010, 6530, 0001, 'Se admite la acusación y se fijan las pruebas que se practicarán en el juicio');
INSERT INTO DOCUMENTO (CODESPECIALIZACION, PASOETAPA, NOCASO, CONSECEXPE, CONDOC, UBICADOC)
VALUES ('PEN', 3, 00010, 6530, 0001, 'JUZG.CONOC.GOV.CO/ACUSACION/EXP1235468529');
INSERT INTO EXPEDIENTE (CODESPECIALIZACION, PASOETAPA, NOCASO, CONSECEXPE, CODLUGAR, CEDULA, FECHAETAPA)
VALUES ('PEN', 4, 00010, 6531, 'JUCO', '1235468529', TO_DATE('10/12/2010', 'DD/MM/YYYY'));
INSERT INTO SUCESO (CODESPECIALIZACION, PASOETAPA, NOCASO, CONSECEXPE, CONSUCESO, DESCSUCESO)
VALUES ('PEN', 4, 00010, 6531, 0001, 'Se practican pruebas, testigos y alegatos; juez sentencia.');
INSERT INTO SUCESO (CODESPECIALIZACION, PASOETAPA, NOCASO, CONSECEXPE, CONSUCESO, DESCSUCESO)
VALUES ('PEN', 4, 00010, 6531, 0002, 'Defensa interroga y pide absolución por duda razonable.');
INSERT INTO RESULTADO (CODESPECIALIZACION, PASOETAPA, NOCASO, CONSECEXPE, CONRESUL, DESCRESUL)
VALUES ('PEN', 4, 00010, 6531, 0001, 'Como resultado de la etapa sentencia absolutoria, si no se demuestra la culpabilidad o sentencia condenatoria, si se prueba el hurto más allá de toda duda razonable');
INSERT INTO DOCUMENTO (CODESPECIALIZACION, PASOETAPA, NOCASO, CONSECEXPE, CONDOC, UBICADOC)
VALUES ('PEN', 4, 00010, 6531, 0001, 'JUZG.CONOC.GOV.CO/JUICIO/EXP1235468529');
INSERT INTO EXPEDIENTE (CODESPECIALIZACION, PASOETAPA, NOCASO, CONSECEXPE, CODLUGAR, CEDULA, FECHAETAPA)
VALUES ('PEN', 5, 00010, 6532, 'JUCO', '1235468529', TO_DATE('15/12/2010', 'DD/MM/YYYY'));
INSERT INTO SUCESO (CODESPECIALIZACION, PASOETAPA, NOCASO, CONSECEXPE, CONSUCESO, DESCSUCESO)
VALUES ('PEN', 5, 00010, 6532, 0001, 'Juez dicta sentencia condenatoria por hurto probado.');
INSERT INTO RESULTADO (CODESPECIALIZACION, PASOETAPA, NOCASO, CONSECEXPE, CONRESUL, DESCRESUL)
VALUES ('PEN', 5, 00010, 6532, 0001, 'Sentencia condenatoria por hurto agravado');
INSERT INTO DOCUMENTO (CODESPECIALIZACION, PASOETAPA, NOCASO, CONSECEXPE, CONDOC, UBICADOC)
VALUES ('PEN', 5, 00010, 6532, 0001, 'JUZG.CONOC.GOV.CO/SENTENCIA/EXP1235468529');
INSERT INTO LUGAR (CODLUGAR, IDTIPOLUGAR, LUG_CODLUGAR, NOMLUGAR, DIRELUGAR, TELLUGAR, EMAILLUGAR)
VALUES ('JUPC', 'JUZG', 'BOGOT', 'JUZGADO PENAL DEL CIRCUITO', 'CL 55 #19', '5235599', 'JUZGADOPENALDELCIRCUITO@GMAIL.COM');
INSERT INTO EXPEDIENTE (CODESPECIALIZACION, PASOETAPA, NOCASO, CONSECEXPE, CODLUGAR, CEDULA, FECHAETAPA)
VALUES ('PEN', 6, 00010, 6533, 'JUPC', '1235468529', TO_DATE('16/12/2010', 'DD/MM/YYYY'));
INSERT INTO SUCESO (CODESPECIALIZACION, PASOETAPA, NOCASO, CONSECEXPE, CONSUCESO, DESCSUCESO)
VALUES ('PEN', 6, 00010, 6533, 0001, 'Sentencia inicial del Juez Penal del Circuito.');
INSERT INTO RESULTADO (CODESPECIALIZACION, PASOETAPA, NOCASO, CONSECEXPE, CONRESUL, DESCRESUL)
VALUES ('PEN', 6, 00010, 6533, 0001, 'Sentencia en primera instancia confirmada');
INSERT INTO DOCUMENTO (CODESPECIALIZACION, PASOETAPA, NOCASO, CONSECEXPE, CONDOC, UBICADOC)
VALUES ('PEN', 6, 00010, 6533, 0001, 'JUZG.PENALCIRC.GOV.CO/SENTENCIA/EXP1235468529');
INSERT INTO LUGAR (CODLUGAR, IDTIPOLUGAR, LUG_CODLUGAR, NOMLUGAR, DIRELUGAR, TELLUGAR, EMAILLUGAR)
VALUES ('TSDJ', 'TRIB', 'BOGOT', 'Tribunal Superior D Judicial', 'CL 60 #25', '5235600', 'TRIBUNALSUPERIORDISTRITOJUDICIAL@GMAIL.COM');
INSERT INTO EXPEDIENTE (CODESPECIALIZACION, PASOETAPA, NOCASO, CONSECEXPE, CODLUGAR, CEDULA, FECHAETAPA)
VALUES ('PEN', 7, 00010, 6534, 'TSDJ', '1235468529', TO_DATE('20/12/2010', 'DD/MM/YYYY'));
INSERT INTO SUCESO (CODESPECIALIZACION, PASOETAPA, NOCASO, CONSECEXPE, CONSUCESO, DESCSUCESO)
VALUES ('PEN', 7, 00010, 6534, 0001, 'Defensa apela; tribunal puede confirmar, modificar o revocar.');
INSERT INTO RESULTADO (CODESPECIALIZACION, PASOETAPA, NOCASO, CONSECEXPE, CONRESUL, DESCRESUL)
VALUES ('PEN', 7, 00010, 6534, 0001, 'El Tribunal Superior confirma la sentencia condenatoria');
INSERT INTO DOCUMENTO (CODESPECIALIZACION, PASOETAPA, NOCASO, CONSECEXPE, CONDOC, UBICADOC)
VALUES ('PEN', 7, 00010, 6534, 0001, 'TRIB.SUP.DIST.GOV.CO/APELACION/EXP1235468529');
INSERT INTO LUGAR (CODLUGAR, IDTIPOLUGAR, LUG_CODLUGAR, NOMLUGAR, DIRELUGAR, TELLUGAR, EMAILLUGAR)
VALUES ('CSJ', 'TRIB', 'BOGOT', 'CORTE SUPREMA DE JUSTICIA', 'CL 70 #30', '5235610', 'CORTESUPREMAJUSTICIA@GMAIL.COM');
INSERT INTO EXPEDIENTE (CODESPECIALIZACION, PASOETAPA, NOCASO, CONSECEXPE, CODLUGAR, CEDULA, FECHAETAPA)
VALUES ('PEN', 8, 00010, 6535, 'CSJ', '1235468529', TO_DATE('22/12/2010', 'DD/MM/YYYY'));
INSERT INTO SUCESO (CODESPECIALIZACION, PASOETAPA, NOCASO, CONSECEXPE, CONSUCESO, DESCSUCESO)
VALUES ('PEN', 8, 00010, 6535, 0001, 'Defensa interpone casación por errores graves de derecho.');
INSERT INTO RESULTADO (CODESPECIALIZACION, PASOETAPA, NOCASO, CONSECEXPE, CONRESUL, DESCRESUL)
VALUES ('PEN', 8, 00010, 6535, 0001, 'La Corte Suprema casa la sentencia y ordena un nuevo juicio');
INSERT INTO DOCUMENTO (CODESPECIALIZACION, PASOETAPA, NOCASO, CONSECEXPE, CONDOC, UBICADOC)
VALUES ('PEN', 8, 00010, 6535, 0001, 'CSJ.GOV.CO/CASACION/EXP1235468529');
INSERT INTO LUGAR (CODLUGAR, IDTIPOLUGAR, LUG_CODLUGAR, NOMLUGAR, DIRELUGAR, TELLUGAR, EMAILLUGAR)
VALUES ('CCJ', 'TRIB', 'BOGOT', 'Corte Constitucional Justicia', 'CL 80 #35', '5235620', 'CORTECONSTITUCIONALDEJUSTICIA@GMAIL.COM');
INSERT INTO EXPEDIENTE (CODESPECIALIZACION, PASOETAPA, NOCASO, CONSECEXPE, CODLUGAR, CEDULA, FECHAETAPA)
VALUES ('PEN', 9, 00010, 6536, 'CCJ', '1235468529', TO_DATE('24/12/2010', 'DD/MM/YYYY'));
INSERT INTO SUCESO (CODESPECIALIZACION, PASOETAPA, NOCASO, CONSECEXPE, CONSUCESO, DESCSUCESO)
VALUES ('PEN', 9, 00010, 6536, 0001, 'Se presenta tutela por derechos vulnerados; Corte revisa caso.');
INSERT INTO RESULTADO (CODESPECIALIZACION, PASOETAPA, NOCASO, CONSECEXPE, CONRESUL, DESCRESUL)
VALUES ('PEN', 9, 00010, 6536, 0001, 'La Corte Constitucional revisa el caso y protege los derechos fundamentales');
INSERT INTO DOCUMENTO (CODESPECIALIZACION, PASOETAPA, NOCASO, CONSECEXPE, CONDOC, UBICADOC)
VALUES ('PEN', 9, 00010, 6536, 0001, 'CCJ.GOV.CO/REVISION/EXP1235468529');
INSERT INTO CONTACTO (CODCLIENTE, CONSECONTACTO, IDTIPOCONTA, VALORCONTACTO, NOTIFICACION)
VALUES ('00010', 0001, 'CEL', '3105551234', 1);
INSERT INTO CONTACTO (CODCLIENTE, CONSECONTACTO, IDTIPOCONTA, VALORCONTACTO, NOTIFICACION)
VALUES ('00010', 0002, 'EMA', 'juan.perez@email.com', 1);
INSERT INTO CONTACTO (CODCLIENTE, CONSECONTACTO, IDTIPOCONTA, VALORCONTACTO, NOTIFICACION)
VALUES ('00010', 0003, 'DIR', 'Calle 45 #12-34, Bogotá', 1);
INSERT INTO PAGO (CONSECPAGO, NOCASO, IDFORMAPAGO, CODFRANQUICIA, FECHAPAGO, VALORPAGO, NTARJETA)
VALUES (0001, 00010, 'TAR', 'VIS', TO_DATE('01/12/2010', 'DD/MM/YYYY'), 50000000, 411111111111111);
INSERT INTO PAGO (CONSECPAGO, NOCASO, IDFORMAPAGO, CODFRANQUICIA, FECHAPAGO, VALORPAGO, NTARJETA)
VALUES (0002, 00010, 'EFE', NULL, TO_DATE('15/12/2010', 'DD/MM/YYYY'), 50000000, NULL);
